gene_ID, Mean
CIW80_02630, 16.99
CIW80_02145, 18.74
CIW80_02635, 15.31
CIW80_02140, 26.14
CIW80_21130, 1417.03
CIW80_08625, 0
CIW80_03720, 0
CIW80_04110, 40.51
CIW80_03725, 0
CIW80_08620, 0.87
CIW80_04115, 128.35
CIW80_17970, 13.29
CIW80_07260, 4.16
CIW80_16660, 26.05
CIW80_07465, 3.42
CIW80_07265, 21.73
CIW80_21510, 0
CIW80_16665, 44.08
CIW80_19345, 1.46
CIW80_11460, 51.84
CIW80_04280, 7.36
CIW80_11465, 4.25
CIW80_04285, 7.03
CIW80_18985, 0.67
CIW80_20015, 68.22
CIW80_00960, 0.8
CIW80_20010, 57.87
CIW80_07460, 124.21
CIW80_00965, 0
CIW80_19925, 2.23
CIW80_11660, 8.68
CIW80_19920, 26.81
CIW80_11665, 1129.3
CIW80_24250, 0
CIW80_24380, 2.31
CIW80_25380, 234.64
CIW80_24700, 0
CIW80_25385, 16.48
CIW80_02705, 42.79
CIW80_23810, 2
CIW80_08020, 22.89
CIW80_02700, 43.88
CIW80_07305, 0
CIW80_08025, 68.94
CIW80_20725, 2.11
CIW80_06020, 11.81
CIW80_24030, 132.78
CIW80_06025, 3.6
CIW80_07755, 26.32
CIW80_16745, 0.61
CIW80_02030, 11.26
CIW80_23935, 17.19
CIW80_10650, 4.63
CIW80_23930, 1015.73
CIW80_02035, 9.8
CIW80_02525, 1.64
CIW80_02520, 4.37
CIW80_03035, 3.88
CIW80_09510, 29.48
CIW80_21600, 1822.68
CIW80_07300, 0.67
CIW80_03030, 7.32
CIW80_18205, 5.84
CIW80_21605, 2452.72
CIW80_07395, 0.48
CIW80_07390, 3.2
CIW80_20535, 13.28
CIW80_04845, 0
CIW80_23360, 0.42
CIW80_04840, 1.33
CIW80_19850, 6.24
CIW80_09455, 214.33
CIW80_19580, 0
CIW80_21515, 112.13
CIW80_19855, 8.8
CIW80_25310, 3.33
CIW80_15950, 2.33
CIW80_24630, 3.43
CIW80_18850, 10.83
CIW80_24635, 0.85
CIW80_18475, 6.54
CIW80_22475, 220.11
CIW80_06285, 37.34
CIW80_00005, 49.44
CIW80_12760, 248.96
CIW80_12815, 20.76
CIW80_06280, 6.28
CIW80_12765, 95.02
CIW80_01425, 14.32
CIW80_01420, 73.02
CIW80_25280, 4.45
CIW80_09450, 119.29
CIW80_06735, 0
CIW80_23815, 11.26
CIW80_06730, 71.57
CIW80_19455, 7.58
CIW80_02450, 6.46
CIW80_22880, 3.93
CIW80_07645, 16.9
CIW80_22885, 5.97
CIW80_02455, 4.48
CIW80_07640, 1.06
CIW80_18545, 25.27
CIW80_19095, 1.92
CIW80_16980, 6.12
CIW80_20640, 12.34
CIW80_07480, 104.67
CIW80_17075, 25.14
CIW80_12365, 20.59
CIW80_22970, 1352.28
CIW80_07485, 148.87
CIW80_12360, 95.68
CIW80_16205, 2.56
CIW80_16985, 1.16
CIW80_00435, 1.81
CIW80_08835, 15.79
CIW80_19630, 74.73
CIW80_19515, 0
CIW80_12105, 350.66
CIW80_01395, 100.5
CIW80_01390, 3.01
CIW80_12100, 34.87
CIW80_00430, 0
CIW80_01550, 6.01
CIW80_01880, 0
CIW80_15050, 96.21
CIW80_01555, 3.75
CIW80_01885, 0
CIW80_06600, 2.08
CIW80_06350, 64.68
CIW80_06605, 5.85
CIW80_23240, 47.58
CIW80_06355, 22.18
CIW80_18980, 3.03
CIW80_09505, 0.77
CIW80_15025, 5.63
CIW80_07730, 51.35
CIW80_10535, 0.9
CIW80_07735, 24.2
CIW80_24145, 31.61
CIW80_17100, 25.65
CIW80_13560, 65.44
CIW80_15535, 55.37
CIW80_13565, 13.97
CIW80_19655, 0.85
CIW80_12560, 17.41
CIW80_15975, 0
CIW80_12565, 9.63
CIW80_15970, 2.21
CIW80_01955, 5.21
CIW80_01950, 8.44
CIW80_15020, 3.02
CIW80_13210, 2.4
CIW80_13740, 10.43
CIW80_13965, 0.2
CIW80_13215, 0
CIW80_13960, 14.18
CIW80_13745, 6.92
CIW80_17220, 1.54
CIW80_01080, 165.62
CIW80_12610, 0
CIW80_17225, 1.14
CIW80_12615, 1.11
CIW80_01085, 82.6
CIW80_01775, 3.11
CIW80_15390, 12.67
CIW80_14450, 148.94
CIW80_01770, 2.42
CIW80_18820, 29.91
CIW80_18295, 1.03
CIW80_12580, 31.68
CIW80_12585, 21.39
CIW80_03800, 1.37
CIW80_22465, 157.07
CIW80_03805, 0
CIW80_22460, 31.15
CIW80_06515, 11.2
CIW80_09850, 24.2
CIW80_19760, 69.86
CIW80_13690, 15.66
CIW80_06510, 148.43
CIW80_14005, 34.38
CIW80_13365, 55.78
CIW80_15510, 0
CIW80_15800, 3.35
CIW80_13360, 5
CIW80_18110, 1.11
CIW80_15805, 3.49
CIW80_10320, 109.41
CIW80_09650, 3.48
CIW80_15750, 8.91
CIW80_10325, 6.58
CIW80_24315, 9.23
CIW80_15755, 7.88
CIW80_10985, 216.96
CIW80_14330, 25.09
CIW80_10980, 15.66
CIW80_14335, 260.07
CIW80_09160, 1.81
CIW80_11540, 17.75
CIW80_25735, 99.08
CIW80_09165, 1.34
CIW80_08750, 118.52
CIW80_09530, 17.63
CIW80_22725, 26.77
CIW80_01175, 33.78
CIW80_22720, 23.29
CIW80_17530, 2847.95
CIW80_01170, 151.98
CIW80_17280, 5.15
CIW80_23225, 23.72
CIW80_09360, 16.79
CIW80_23630, 0.32
CIW80_09365, 54.46
CIW80_17325, 62.29
CIW80_01370, 3.22
CIW80_08755, 1.65
CIW80_23540, 13.35
CIW80_15395, 8.47
CIW80_01375, 1.03
CIW80_19225, 9.54
CIW80_13180, 11.86
CIW80_03935, 16.48
CIW80_17730, 2.27
CIW80_03930, 114.44
CIW80_13185, 2.13
CIW80_23450, 1.6
CIW80_17320, 11
CIW80_17000, 1.59
CIW80_05415, 144.49
CIW80_07035, 7.47
CIW80_21285, 63.89
CIW80_05410, 47.34
CIW80_21280, 88.21
CIW80_09490, 1.3
CIW80_10080, 156.94
CIW80_11120, 135.14
CIW80_13875, 210.75
CIW80_10435, 24.97
CIW80_17085, 35.17
CIW80_22095, 7.36
CIW80_10430, 138.49
CIW80_22090, 22.79
CIW80_22440, 3.7
CIW80_14750, 17.56
CIW80_09495, 1.24
CIW80_19105, 0
CIW80_09655, 5.28
CIW80_14755, 3.93
CIW80_19100, 0
CIW80_02995, 10.09
CIW80_05090, 1.3
CIW80_18455, 0.18
CIW80_22910, 0
CIW80_05095, 2.44
CIW80_02990, 10.64
CIW80_25600, 19.35
CIW80_00130, 134.78
CIW80_13980, 7.15
CIW80_23700, 0
CIW80_24035, 25.89
CIW80_23705, 4.93
CIW80_13985, 15.26
CIW80_17080, 31.67
CIW80_05700, 0.18
CIW80_05250, 13.9
CIW80_05705, 15.61
CIW80_05255, 48.63
CIW80_23285, 3.38
CIW80_00135, 31.69
CIW80_23320, 0
CIW80_17430, 19.17
CIW80_09710, 5.31
CIW80_25555, 1.4
CIW80_04070, 0.42
CIW80_08295, 3.22
CIW80_11870, 2.07
CIW80_11695, 0
CIW80_08290, 1.69
CIW80_04075, 1.33
CIW80_11690, 0.26
CIW80_11875, 3.83
CIW80_15370, 206.44
CIW80_00775, 0.94
CIW80_05070, 1.68
CIW80_15375, 3.56
CIW80_22560, 4.9
CIW80_05075, 4.62
CIW80_00770, 7.09
CIW80_11050, 960.88
CIW80_15590, 1114.84
CIW80_21140, 32.63
CIW80_11055, 362.25
CIW80_14520, 2.9
CIW80_05890, 10.67
CIW80_22380, 0.9
CIW80_09715, 3.84
CIW80_05895, 2.67
CIW80_13695, 0.5
CIW80_10055, 258.32
CIW80_17105, 0.89
CIW80_19070, 1.34
CIW80_08565, 4.41
CIW80_08560, 12.81
CIW80_07005, 22.33
CIW80_02860, 82.26
CIW80_25770, 69.69
CIW80_22565, 39.26
CIW80_04470, 43.06
CIW80_23835, 33.14
CIW80_25775, 0.17
CIW80_08360, 46.41
CIW80_25460, 13.85
CIW80_07410, 287.26
CIW80_08365, 1.99
CIW80_23415, 1.98
CIW80_07000, 36.94
CIW80_09270, 10.11
CIW80_09180, 1.8
CIW80_23410, 0.49
CIW80_09185, 3.77
CIW80_03440, 16.53
CIW80_25150, 2099.62
CIW80_00590, 4.51
CIW80_04610, 118.59
CIW80_07415, 40.25
CIW80_00595, 6.09
CIW80_25155, 146.69
CIW80_08580, 16.14
CIW80_03150, 0
CIW80_08585, 59.83
CIW80_03155, 0
CIW80_03485, 1.11
CIW80_00600, 3.49
CIW80_03480, 0.95
CIW80_20140, 7.95
CIW80_00605, 7.92
CIW80_00355, 11.91
CIW80_21465, 165.34
CIW80_00350, 17.27
CIW80_21460, 50.68
CIW80_03445, 29.84
CIW80_18620, 71.34
CIW80_20395, 26.25
CIW80_23665, 2.57
CIW80_18625, 216.33
CIW80_20390, 129.12
CIW80_10615, 116.09
CIW80_07815, 4.26
CIW80_15595, 2.18
CIW80_10610, 19.14
CIW80_22270, 24.86
CIW80_07810, 5.05
CIW80_24555, 4.22
CIW80_08105, 23.28
CIW80_03555, 25.77
CIW80_08100, 20.77
CIW80_24550, 4.5
CIW80_03550, 4.58
CIW80_11330, 30.37
CIW80_22070, 1.71
CIW80_05670, 5.97
CIW80_00285, 0
CIW80_05675, 0
CIW80_16435, 15.16
CIW80_00280, 0
CIW80_02605, 98.26
CIW80_08630, 1.6
CIW80_02600, 22.91
CIW80_08635, 6.63
CIW80_04100, 1.24
CIW80_11335, 6.48
CIW80_19350, 3.44
CIW80_03735, 0
CIW80_04105, 17.6
CIW80_03730, 0
CIW80_07255, 5.52
CIW80_14980, 330.08
CIW80_16615, 1217.66
CIW80_22260, 46.96
CIW80_14985, 146.24
CIW80_07250, 23.41
CIW80_16610, 1996.67
CIW80_04290, 35.82
CIW80_16060, 3.22
CIW80_18990, 1.99
CIW80_11475, 2.75
CIW80_20025, 12.81
CIW80_04295, 0.74
CIW80_11470, 1.5
CIW80_18995, 0
CIW80_10790, 8.31
CIW80_00915, 8.78
CIW80_19660, 0
CIW80_19915, 64.55
CIW80_21565, 1.89
CIW80_19665, 34.02
CIW80_00910, 1.36
CIW80_11670, 3.85
CIW80_24730, 93.05
CIW80_24735, 0.89
CIW80_11675, 0.13
CIW80_15820, 1.67
CIW80_25390, 8.16
CIW80_02730, 0
CIW80_07920, 12.51
CIW80_02735, 26.28
CIW80_25395, 32.15
CIW80_07925, 5.96
CIW80_08030, 3.38
CIW80_20070, 298.02
CIW80_08745, 28.55
CIW80_08035, 0
CIW80_08740, 13.61
CIW80_10795, 17.24
CIW80_25675, 28.36
CIW80_24045, 41.75
CIW80_06035, 10.03
CIW80_21375, 3.33
CIW80_06030, 82.77
CIW80_24040, 19.01
CIW80_02510, 10.7
CIW80_02045, 9.15
CIW80_15325, 94.42
CIW80_02515, 7.16
CIW80_13155, 13.38
CIW80_09400, 21.75
CIW80_02040, 7.04
CIW80_18210, 0.39
CIW80_16975, 5.74
CIW80_03020, 2.8
CIW80_03025, 10.07
CIW80_18335, 4.61
CIW80_02280, 7.3
CIW80_21675, 120.87
CIW80_16720, 0.65
CIW80_02285, 11.42
CIW80_25590, 20.35
CIW80_16725, 20.64
CIW80_21670, 15.53
CIW80_04850, 2.64
CIW80_15440, 52.71
CIW80_19355, 2.19
CIW80_23925, 61.24
CIW80_04855, 3.92
CIW80_20735, 4.08
CIW80_10655, 3.48
CIW80_24140, 15.36
CIW80_00820, 4.3
CIW80_20730, 1.47
CIW80_00825, 2.77
CIW80_19865, 3.38
CIW80_23280, 1.47
CIW80_14405, 69.59
CIW80_15445, 4.47
CIW80_19275, 39.14
CIW80_18840, 31.1
CIW80_15880, 2
CIW80_25335, 38.61
CIW80_18845, 61.12
CIW80_12770, 15.96
CIW80_01410, 52.26
CIW80_12805, 204.77
CIW80_01415, 3.98
CIW80_12775, 124.12
CIW80_12800, 898.98
CIW80_21225, 91.43
CIW80_19270, 80.88
CIW80_06720, 1091.93
CIW80_18915, 1.34
CIW80_06725, 99.89
CIW80_23385, 2.29
CIW80_18240, 3.46
CIW80_20290, 0
CIW80_02465, 2.36
CIW80_24515, 12.8
CIW80_20650, 2.73
CIW80_22895, 6.11
CIW80_10025, 16.95
CIW80_02460, 8.15
CIW80_22890, 4.36
CIW80_20655, 4.62
CIW80_14215, 264.57
CIW80_21700, 122.69
CIW80_16210, 542.51
CIW80_21705, 85.35
CIW80_02195, 26.17
CIW80_12375, 350.04
CIW80_16970, 3.42
CIW80_12370, 31.25
CIW80_02190, 318.53
CIW80_22705, 0
CIW80_18855, 49.85
CIW80_14960, 697.51
CIW80_14965, 67.57
CIW80_14210, 135.46
CIW80_12115, 7.3
CIW80_19770, 8.19
CIW80_12110, 103.77
CIW80_12810, 87.51
CIW80_12970, 53.62
CIW80_22075, 533.09
CIW80_12975, 4.66
CIW80_01565, 14.52
CIW80_17185, 0
CIW80_23455, 0
CIW80_17180, 0
CIW80_01560, 3.58
CIW80_09065, 2.15
CIW80_06340, 1.17
CIW80_06615, 6.93
CIW80_18365, 27.38
CIW80_06345, 2.44
CIW80_06610, 16.73
CIW80_07745, 13.94
CIW80_14195, 264.17
CIW80_20365, 13.55
CIW80_07740, 15.95
CIW80_09060, 12.28
CIW80_13515, 95.81
CIW80_23250, 59.13
CIW80_20810, 13.25
CIW80_23255, 33
CIW80_13510, 752.9
CIW80_09520, 36.84
CIW80_01960, 16.98
CIW80_21815, 6.6
CIW80_12575, 6.34
CIW80_01965, 139.66
CIW80_17065, 3.08
CIW80_10020, 80.48
CIW80_21810, 10.14
CIW80_06290, 1.84
CIW80_19765, 0.54
CIW80_06295, 10.55
CIW80_13225, 0.82
CIW80_13735, 48.89
CIW80_13220, 0
CIW80_13730, 73.03
CIW80_12600, 1.74
CIW80_01740, 7.58
CIW80_17235, 4.37
CIW80_01745, 17.52
CIW80_12605, 2.09
CIW80_12785, 8.65
CIW80_07175, 11.01
CIW80_23085, 2.22
CIW80_23135, 0.98
CIW80_23130, 2.05
CIW80_11385, 0.6
CIW80_12590, 10.27
CIW80_01980, 13.51
CIW80_19775, 3.91
CIW80_12595, 11.77
CIW80_01985, 2.08
CIW80_23155, 93.08
CIW80_03835, 36.35
CIW80_08975, 36.6
CIW80_06500, 9.96
CIW80_11835, 88.2
CIW80_22470, 6.27
CIW80_03830, 9.28
CIW80_14455, 49.04
CIW80_06505, 2.49
CIW80_11380, 14.16
CIW80_16910, 8.31
CIW80_09210, 3.2
CIW80_09215, 6.63
CIW80_13350, 60.12
CIW80_13420, 16.64
CIW80_13355, 164.43
CIW80_11830, 87.46
CIW80_13425, 12.36
CIW80_15810, 1.3
CIW80_21920, 76.07
CIW80_15815, 1.69
CIW80_21925, 160.01
CIW80_08970, 53.21
CIW80_15740, 0.92
CIW80_10990, 504.41
CIW80_03915, 39.1
CIW80_15745, 2.7
CIW80_10330, 80.76
CIW80_04880, 2.99
CIW80_14610, 12.33
CIW80_09525, 9.77
CIW80_13640, 41.38
CIW80_14615, 3.22
CIW80_25200, 3.67
CIW80_13645, 108.37
CIW80_14340, 4.83
CIW80_07130, 0
CIW80_17520, 63.23
CIW80_01180, 19.62
CIW80_22715, 33.23
CIW80_03910, 76.11
CIW80_01185, 46.68
CIW80_17525, 24.41
CIW80_04885, 3.59
CIW80_23620, 0.59
CIW80_14185, 14.76
CIW80_15980, 1.91
CIW80_22425, 2160.84
CIW80_23625, 0
CIW80_09370, 83.03
CIW80_09960, 104.22
CIW80_18190, 1029
CIW80_09405, 234.06
CIW80_09375, 73.16
CIW80_18195, 39.51
CIW80_01345, 1.94
CIW80_03900, 106.63
CIW80_07170, 32.56
CIW80_10665, 34.88
CIW80_03905, 87.54
CIW80_01340, 1.97
CIW80_07135, 2.63
CIW80_09335, 0.74
CIW80_04920, 7.4
CIW80_11110, 158.39
CIW80_11115, 157.66
CIW80_16845, 0.33
CIW80_21915, 64.27
CIW80_10420, 7.95
CIW80_17060, 17.86
CIW80_16865, 3.01
CIW80_10425, 61.02
CIW80_21075, 0.93
CIW80_23260, 12.51
CIW80_21070, 1.18
CIW80_16045, 7.34
CIW80_14765, 200.57
CIW80_02980, 18.4
CIW80_03205, 0
CIW80_14510, 3.54
CIW80_02985, 16.52
CIW80_22665, 91.73
CIW80_18445, 0
CIW80_05085, 2.7
CIW80_18440, 3.77
CIW80_22660, 6127.6
CIW80_05080, 2.22
CIW80_14295, 181.43
CIW80_24015, 108.24
CIW80_23715, 1.14
CIW80_14290, 0
CIW80_23710, 0.85
CIW80_05240, 12.04
CIW80_16110, 3.85
CIW80_19745, 608.2
CIW80_05715, 23.19
CIW80_05245, 93
CIW80_05710, 9.7
CIW80_15495, 153.61
CIW80_09965, 159.6
CIW80_04045, 1.9
CIW80_04595, 0.51
CIW80_20255, 598.23
CIW80_04040, 0.83
CIW80_20250, 6.61
CIW80_04590, 3.97
CIW80_05060, 1.37
CIW80_00765, 9.6
CIW80_21385, 2.42
CIW80_15365, 23.65
CIW80_00760, 25.59
CIW80_05065, 0.93
CIW80_15360, 8.6
CIW80_16115, 8.75
CIW80_11065, 376.27
CIW80_11205, 1.56
CIW80_10595, 108.06
CIW80_18505, 14.52
CIW80_11060, 326.58
CIW80_24940, 17.54
CIW80_10040, 71.98
CIW80_21910, 111.78
CIW80_25495, 16.61
CIW80_05885, 114.69
CIW80_10045, 35.92
CIW80_05880, 32.01
CIW80_25490, 12.16
CIW80_08950, 5.12
CIW80_04440, 8.23
CIW80_19005, 26.28
CIW80_04445, 28.15
CIW80_10590, 1.45
CIW80_19000, 100.34
CIW80_25705, 0
CIW80_02875, 178.89
CIW80_02870, 35.38
CIW80_11200, 142.36
CIW80_08355, 633.73
CIW80_23400, 3.59
CIW80_08350, 683.67
CIW80_23405, 1.34
CIW80_09190, 1.08
CIW80_05400, 165.03
CIW80_19215, 24.99
CIW80_09195, 2.24
CIW80_16915, 0
CIW80_05405, 187.15
CIW80_00580, 6.67
CIW80_25125, 1415.04
CIW80_16265, 905.21
CIW80_24795, 64.05
CIW80_00585, 0
CIW80_16260, 27.74
CIW80_25120, 103.7
CIW80_11240, 14.43
CIW80_03125, 1.41
CIW80_19845, 2.73
CIW80_11245, 10.42
CIW80_03120, 0.74
CIW80_00610, 6.48
CIW80_00340, 2.41
CIW80_15490, 140.81
CIW80_00615, 1.06
CIW80_21495, 4.78
CIW80_00345, 13.96
CIW80_24830, 6.62
CIW80_15170, 85.2
CIW80_24835, 17.24
CIW80_18615, 114.09
CIW80_15270, 0.8
CIW80_10600, 203.18
CIW80_22280, 115.65
CIW80_20380, 10.16
CIW80_18610, 188.47
CIW80_22285, 75.25
CIW80_10605, 0
CIW80_21255, 112.43
CIW80_07805, 3.67
CIW80_24540, 2.15
CIW80_17115, 26.59
CIW80_07800, 0.96
CIW80_21250, 58.71
CIW80_19715, 0.27
CIW80_24545, 6.38
CIW80_09990, 286.49
CIW80_10725, 12.38
CIW80_25010, 135.45
CIW80_09995, 1172.2
CIW80_25015, 28.93
CIW80_24345, 76.6
CIW80_22045, 137.45
CIW80_00295, 0.61
CIW80_08955, 0
CIW80_05665, 18.37
CIW80_00290, 0
CIW80_08780, 0
CIW80_05660, 68.24
CIW80_15275, 0.96
CIW80_08645, 1.31
CIW80_08640, 47.93
CIW80_04135, 4.72
CIW80_07240, 2.73
CIW80_25230, 12.2
CIW80_04130, 18.74
CIW80_25235, 0.63
CIW80_07245, 16.3
CIW80_22650, 41.61
CIW80_16605, 864.08
CIW80_03230, 133.23
CIW80_16600, 363.69
CIW80_04915, 11.81
CIW80_18470, 0
CIW80_03585, 0.3
CIW80_08785, 6.49
CIW80_03580, 1.44
CIW80_20030, 60.62
CIW80_19670, 7.11
CIW80_00905, 239.72
CIW80_19905, 13.32
CIW80_00900, 34.31
CIW80_19675, 10.98
CIW80_19900, 3.07
CIW80_11645, 5.83
CIW80_13805, 40.68
CIW80_24725, 440.57
CIW80_17880, 8.96
CIW80_11640, 5.37
CIW80_24720, 191.7
CIW80_07930, 8.99
CIW80_02725, 0
CIW80_07935, 5.6
CIW80_02720, 3.62
CIW80_18005, 5.72
CIW80_08005, 36.27
CIW80_04620, 19.61
CIW80_22675, 335.6
CIW80_04625, 10.33
CIW80_08000, 14.4
CIW80_24460, 0.4
CIW80_09415, 32.3
CIW80_24055, 812
CIW80_16790, 3.3
CIW80_24050, 109.12
CIW80_21935, 9.11
CIW80_02055, 22.14
CIW80_02505, 17
CIW80_02050, 3.8
CIW80_18370, 48.49
CIW80_02500, 13.01
CIW80_25440, 3.57
CIW80_03055, 874.48
CIW80_22770, 19568.37
CIW80_03050, 4.01
CIW80_16730, 0.17
CIW80_21665, 14.89
CIW80_02295, 1.63
CIW80_21660, 14.33
CIW80_04245, 0.71
CIW80_02290, 4.27
CIW80_25465, 17.94
CIW80_06990, 79.15
CIW80_04825, 1.37
CIW80_25115, 42.28
CIW80_06995, 1
CIW80_04820, 1.37
CIW80_00830, 0.59
CIW80_19870, 45.31
CIW80_18375, 33.83
CIW80_00835, 19.2
CIW80_19875, 376.6
CIW80_24610, 0
CIW80_10190, 13.44
CIW80_25110, 31.44
CIW80_24615, 0
CIW80_18875, 0.35
CIW80_02610, 54.06
CIW80_04240, 3.07
CIW80_18870, 0
CIW80_02615, 34.05
CIW80_12745, 76.2
CIW80_17110, 18.25
CIW80_12295, 2.26
CIW80_01405, 23.23
CIW80_12740, 22.45
CIW80_01400, 24.39
CIW80_12290, 5.81
CIW80_17255, 101.56
CIW80_06755, 99.34
CIW80_06970, 86.83
CIW80_06975, 349.56
CIW80_06750, 187.4
CIW80_14180, 18
CIW80_17910, 2.44
CIW80_02470, 2.84
CIW80_22860, 2.57
CIW80_23230, 18.67
CIW80_18275, 36.81
CIW80_22865, 3.96
CIW80_02475, 3.22
CIW80_06190, 10.55
CIW80_20625, 22.65
CIW80_06195, 6.61
CIW80_20620, 67.57
CIW80_21710, 0
CIW80_12340, 105.42
CIW80_02180, 74.03
CIW80_12885, 588.88
CIW80_12345, 25.93
CIW80_21715, 2.67
CIW80_02185, 20.27
CIW80_09275, 1.23
CIW80_09855, 28.52
CIW80_07445, 5.94
CIW80_14970, 102.1
CIW80_20700, 21.66
CIW80_14975, 351.79
CIW80_17710, 10.27
CIW80_20410, 10.45
CIW80_07440, 32.16
CIW80_01570, 3.22
CIW80_09570, 4.34
CIW80_01575, 339.64
CIW80_08820, 12.2
CIW80_08825, 46.72
CIW80_25425, 0.54
CIW80_06375, 0.55
CIW80_23010, 0.89
CIW80_06370, 12.64
CIW80_07365, 97.39
CIW80_20530, 34.21
CIW80_07750, 2.52
CIW80_16310, 13.27
CIW80_20075, 1.11
CIW80_13505, 42.55
CIW80_09575, 5.67
CIW80_13500, 13.51
CIW80_16765, 7.95
CIW80_21805, 57.09
CIW80_01975, 68.02
CIW80_21800, 1.45
CIW80_01970, 6.28
CIW80_13835, 9.98
CIW80_20805, 0.8
CIW80_07360, 0.77
CIW80_13725, 51.89
CIW80_09470, 7.4
CIW80_13720, 80.87
CIW80_00750, 62.52
CIW80_12635, 14.6
CIW80_10195, 3.17
CIW80_21240, 152.14
CIW80_01755, 5.34
CIW80_12630, 7.95
CIW80_01750, 1.64
CIW80_18825, 80.86
CIW80_05500, 73.99
CIW80_09475, 3.11
CIW80_17735, 0.75
CIW80_21535, 90.18
CIW80_01990, 460.47
CIW80_00755, 34.37
CIW80_03820, 7.2
CIW80_20800, 0.85
CIW80_22445, 2.27
CIW80_01995, 314.06
CIW80_22915, 0
CIW80_03825, 233.42
CIW80_06575, 12.45
CIW80_16315, 18
CIW80_20095, 10.52
CIW80_05505, 15.97
CIW80_15435, 2.32
CIW80_06570, 242.77
CIW80_09200, 1.87
CIW80_09205, 0.53
CIW80_13430, 74.19
CIW80_24330, 0
CIW80_13345, 133.14
CIW80_04970, 448.29
CIW80_13435, 393.26
CIW80_13340, 3.09
CIW80_15825, 18.72
CIW80_12120, 41.87
CIW80_19435, 1.19
CIW80_12125, 0
CIW80_00450, 3.94
CIW80_17370, 18.78
CIW80_15775, 3.12
CIW80_15770, 3.56
CIW80_13650, 0
CIW80_14355, 8.37
CIW80_14605, 4.22
CIW80_14350, 4.14
CIW80_13655, 0
CIW80_14600, 646.66
CIW80_11950, 535.1
CIW80_01190, 0
CIW80_17555, 91.55
CIW80_19530, 47.8
CIW80_01195, 5.26
CIW80_22700, 2.11
CIW80_17550, 16.19
CIW80_23655, 0
CIW80_00455, 371.63
CIW80_17160, 15.11
CIW80_14190, 30.68
CIW80_23650, 0
CIW80_09345, 162.26
CIW80_01350, 4.89
CIW80_21780, 25.39
CIW80_09340, 57.98
CIW80_01355, 0.57
CIW80_21380, 1.29
CIW80_23090, 1.5
CIW80_06400, 125.92
CIW80_23095, 2.3
CIW80_06405, 142.38
CIW80_10850, 0
CIW80_21785, 0
CIW80_10855, 52.75
CIW80_24640, 0
CIW80_23845, 4.22
CIW80_10170, 257.91
CIW80_13230, 41.1
CIW80_17165, 1.55
CIW80_13235, 43.39
CIW80_15430, 1.09
CIW80_14530, 14.89
CIW80_11105, 141.49
CIW80_25165, 197.61
CIW80_15005, 538.3
CIW80_11100, 349.07
CIW80_10455, 58.02
CIW80_25295, 95.21
CIW80_10450, 18.03
CIW80_11845, 35.04
CIW80_14770, 38.2
CIW80_14245, 0.07
CIW80_22325, 319.98
CIW80_14775, 4.88
CIW80_10290, 595.36
CIW80_18175, 48.66
CIW80_10295, 47.3
CIW80_14535, 10.69
CIW80_14280, 1.84
CIW80_14240, 0
CIW80_23580, 14.13
CIW80_14285, 1.84
CIW80_17950, 86.06
CIW80_17955, 69.41
CIW80_15550, 0
CIW80_05275, 22.84
CIW80_22985, 0.85
CIW80_23380, 0
CIW80_05270, 13.58
CIW80_17015, 1.19
CIW80_24365, 16.75
CIW80_17995, 29.74
CIW80_04585, 343.05
CIW80_00020, 138.38
CIW80_04580, 0.57
CIW80_00025, 28.25
CIW80_08220, 580.64
CIW80_05055, 58.58
CIW80_21395, 3.77
CIW80_11070, 67.57
CIW80_24765, 21.72
CIW80_21390, 0
CIW80_05050, 38.56
CIW80_11075, 89.22
CIW80_21580, 161.74
CIW80_05870, 33.78
CIW80_05875, 75.66
CIW80_10075, 1065.55
CIW80_25485, 38.64
CIW80_17990, 7.14
CIW80_25480, 41.25
CIW80_10070, 659.11
CIW80_18130, 37.52
CIW80_20785, 3.07
CIW80_04455, 154.39
CIW80_19010, 2.86
CIW80_02885, 0
CIW80_04450, 29.64
CIW80_23120, 0
CIW80_25715, 0.55
CIW80_05185, 4.27
CIW80_21090, 3.35
CIW80_25710, 0
CIW80_05180, 44.38
CIW80_16900, 5.63
CIW80_15870, 6.72
CIW80_23475, 36.68
CIW80_09315, 1.65
CIW80_24885, 40.36
CIW80_23470, 3995.93
CIW80_24950, 17.5
CIW80_23125, 6.82
CIW80_05475, 561.14
CIW80_16795, 1.3
CIW80_08340, 4.14
CIW80_05470, 72.73
CIW80_16925, 24.93
CIW80_25135, 5.51
CIW80_19220, 4.51
CIW80_25130, 1.47
CIW80_15485, 1.56
CIW80_03135, 0.12
CIW80_09830, 191.52
CIW80_03130, 5.17
CIW80_09835, 1.33
CIW80_09515, 24.17
CIW80_00625, 0.33
CIW80_00335, 23.64
CIW80_08925, 19.11
CIW80_00620, 0.18
CIW80_00330, 48.11
CIW80_08480, 5.9
CIW80_08345, 20.6
CIW80_22480, 47.8
CIW80_18605, 12.33
CIW80_22290, 17.7
CIW80_07830, 8.08
CIW80_05985, 30.78
CIW80_07835, 14.28
CIW80_08920, 0.29
CIW80_05980, 3.02
CIW80_19700, 0
CIW80_24535, 6.8
CIW80_08125, 11.86
CIW80_19705, 7.05
CIW80_08120, 6.63
CIW80_24530, 6.99
CIW80_25000, 156.61
CIW80_16850, 0
CIW80_22050, 955.47
CIW80_05690, 0.82
CIW80_16855, 3.02
CIW80_25005, 5.6
CIW80_05695, 1.77
CIW80_07140, 5.26
CIW80_04050, 2.62
CIW80_19740, 632.21
CIW80_23505, 13.27
CIW80_04055, 1.81
CIW80_08655, 0.33
CIW80_04120, 11.21
CIW80_08650, 2.49
CIW80_00050, 23.15
CIW80_04125, 15.28
CIW80_25220, 1.13
CIW80_07145, 45.77
CIW80_07235, 5.18
CIW80_16635, 14.48
CIW80_25225, 1278.58
CIW80_20605, 147.5
CIW80_07230, 14.89
CIW80_03220, 26.88
CIW80_03590, 4.01
CIW80_03225, 7.88
CIW80_03595, 5.21
CIW80_00930, 235.7
CIW80_00240, 2.41
CIW80_00935, 68.36
CIW80_00115, 8.34
CIW80_00245, 0.65
CIW80_19645, 2.28
CIW80_09730, 75.43
CIW80_11650, 28.98
CIW80_24285, 36.9
CIW80_19640, 2.17
CIW80_17030, 169.1
CIW80_11655, 11.34
CIW80_20285, 24.34
CIW80_10700, 51.74
CIW80_07060, 118.71
CIW80_10705, 0
CIW80_07905, 24.66
CIW80_08010, 5
CIW80_24440, 4.14
CIW80_07900, 25.85
CIW80_24445, 23.68
CIW80_08015, 20.75
CIW80_24995, 40.33
CIW80_17760, 0
CIW80_00110, 6.87
CIW80_16755, 7.35
CIW80_24990, 11.41
CIW80_04630, 32.28
CIW80_09735, 22.82
CIW80_03505, 5.78
CIW80_20280, 5.28
CIW80_02065, 93.31
CIW80_20055, 23.76
CIW80_07065, 3.51
CIW80_09930, 23.53
CIW80_24265, 34.34
CIW80_03045, 3.64
CIW80_02260, 26.99
CIW80_03040, 0
CIW80_02265, 0
CIW80_16705, 6.8
CIW80_15480, 6.64
CIW80_16700, 7.6
CIW80_04220, 1.27
CIW80_04835, 0.67
CIW80_20755, 6.45
CIW80_06985, 23.99
CIW80_04830, 0
CIW80_06980, 69.49
CIW80_20750, 0.92
CIW80_00805, 5.13
CIW80_19805, 9.21
CIW80_09935, 1.32
CIW80_00800, 12.28
CIW80_11390, 4.29
CIW80_08725, 11.97
CIW80_23890, 51.91
CIW80_18860, 27.64
CIW80_23895, 7.15
CIW80_24110, 44.2
CIW80_10175, 153.5
CIW80_16515, 28.29
CIW80_02665, 15.64
CIW80_02660, 12.14
CIW80_12285, 12.59
CIW80_11255, 28.17
CIW80_12280, 5.44
CIW80_18305, 3.14
CIW80_25430, 1.41
CIW80_06960, 794.54
CIW80_06745, 7.11
CIW80_06740, 62.99
CIW80_06965, 237.29
CIW80_07695, 41.28
CIW80_24880, 65.66
CIW80_02405, 121.05
CIW80_07690, 106.03
CIW80_02400, 39.93
CIW80_20635, 13.87
CIW80_06185, 18.12
CIW80_07580, 1033.99
CIW80_06180, 7.39
CIW80_21725, 8.55
CIW80_16455, 377.02
CIW80_09695, 539.78
CIW80_12355, 19.84
CIW80_24165, 53.87
CIW80_21720, 0
CIW80_12350, 37.83
CIW80_09690, 1.93
CIW80_14400, 15.41
CIW80_06895, 85.82
CIW80_14945, 672.51
CIW80_24060, 16.09
CIW80_24065, 62.36
CIW80_14940, 1.33
CIW80_16450, 246.12
CIW80_03245, 4.89
CIW80_04860, 10.27
CIW80_15200, 1.24
CIW80_12915, 6.79
CIW80_01505, 480.99
CIW80_12910, 16.74
CIW80_01500, 54.69
CIW80_08830, 11.61
CIW80_15300, 17.32
CIW80_06360, 24.51
CIW80_03385, 335.67
CIW80_06365, 7.06
CIW80_07760, 42.12
CIW80_02310, 0.33
CIW80_07765, 2.63
CIW80_18600, 51.37
CIW80_02315, 1.13
CIW80_20520, 17.52
CIW80_13530, 603.55
CIW80_20835, 4.29
CIW80_13535, 709.02
CIW80_20160, 48.17
CIW80_20830, 2.13
CIW80_15940, 13.74
CIW80_23275, 67.57
CIW80_21830, 1.06
CIW80_02080, 58.61
CIW80_21835, 0.2
CIW80_23270, 20.48
CIW80_02085, 10.97
CIW80_15305, 351.46
CIW80_21585, 304.84
CIW80_07585, 159.27
CIW80_12750, 251.3
CIW80_24840, 11.13
CIW80_19210, 3.07
CIW80_12755, 357.34
CIW80_24920, 2659.55
CIW80_12620, 4.62
CIW80_18285, 0.69
CIW80_18280, 3.75
CIW80_12625, 4.87
CIW80_13080, 0.51
CIW80_13085, 0
CIW80_10675, 14.75
CIW80_17720, 128.94
CIW80_11290, 0
CIW80_17090, 23.29
CIW80_01210, 3.61
CIW80_17725, 11.8
CIW80_01215, 4.38
CIW80_17095, 23.61
CIW80_22900, 0.95
CIW80_03855, 49.61
CIW80_18300, 0.42
CIW80_22905, 1.9
CIW80_22450, 10.21
CIW80_03850, 2.6
CIW80_06565, 103.57
CIW80_06560, 248.29
CIW80_24430, 7.53
CIW80_14625, 375.17
CIW80_09235, 14.21
CIW80_20825, 6.96
CIW80_10670, 97.78
CIW80_09230, 1
CIW80_14575, 199.47
CIW80_14885, 62.68
CIW80_07330, 73.8
CIW80_15090, 25.99
CIW80_15830, 11.46
CIW80_11890, 32.04
CIW80_24275, 40.73
CIW80_13400, 30.44
CIW80_15835, 0.48
CIW80_21905, 249.14
CIW80_14620, 49.33
CIW80_01695, 0.1
CIW80_12135, 3.49
CIW80_21900, 106.37
CIW80_12130, 426.15
CIW80_01690, 71.26
CIW80_13880, 254.3
CIW80_13885, 99.03
CIW80_14235, 4.95
CIW80_17205, 1.84
CIW80_13665, 26.22
CIW80_25435, 2.14
CIW80_17890, 1.45
CIW80_13660, 0.04
CIW80_15095, 28.91
CIW80_17535, 646.98
CIW80_12935, 8.86
CIW80_17540, 27.94
CIW80_14165, 86.41
CIW80_13395, 59.88
CIW80_23645, 0.74
CIW80_09350, 19.13
CIW80_23640, 2.49
CIW80_13390, 5.1
CIW80_09355, 12.15
CIW80_01325, 0.48
CIW80_12930, 478.03
CIW80_01320, 0.33
CIW80_06410, 121.86
CIW80_12395, 0
CIW80_20585, 22.58
CIW80_06415, 29.05
CIW80_23080, 8.81
CIW80_14580, 43.88
CIW80_10840, 0
CIW80_15425, 26.47
CIW80_10845, 0
CIW80_03435, 33.03
CIW80_13245, 1.06
CIW80_20165, 26.22
CIW80_13715, 114.76
CIW80_12835, 5.56
CIW80_13140, 1.05
CIW80_13240, 73.71
CIW80_19540, 1.84
CIW80_23635, 2.8
CIW80_18225, 43.32
CIW80_10445, 57.31
CIW80_21015, 10.56
CIW80_22055, 1.58
CIW80_10440, 32.36
CIW80_21010, 12.19
CIW80_14705, 18.94
CIW80_21160, 0
CIW80_14700, 55.78
CIW80_18220, 119.78
CIW80_22605, 85.07
CIW80_10285, 456.61
CIW80_10280, 5
CIW80_22600, 59.26
CIW80_19395, 73.09
CIW80_22190, 7.54
CIW80_11295, 23.72
CIW80_17940, 35.93
CIW80_05260, 87.06
CIW80_01030, 16.07
CIW80_17945, 75.62
CIW80_01035, 104.93
CIW80_05265, 8.15
CIW80_18185, 682.64
CIW80_07780, 0.83
CIW80_22195, 231.32
CIW80_20215, 52.44
CIW80_20455, 7.41
CIW80_15760, 6.99
CIW80_18235, 76.01
CIW80_15765, 2.18
CIW80_00030, 86.21
CIW80_05040, 158.03
CIW80_00745, 194.76
CIW80_00035, 16.53
CIW80_00740, 8.27
CIW80_05045, 10.38
CIW80_24260, 82.12
CIW80_11005, 403.43
CIW80_25345, 815.98
CIW80_11000, 685.57
CIW80_05860, 17.34
CIW80_10060, 162.3
CIW80_07335, 72.88
CIW80_05865, 104.59
CIW80_21125, 0.72
CIW80_10065, 203.55
CIW80_19020, 4.13
CIW80_14010, 13.54
CIW80_17200, 0
CIW80_14015, 3.49
CIW80_02890, 5012.12
CIW80_25720, 1358.15
CIW80_22110, 16.41
CIW80_25725, 0.98
CIW80_02895, 8.66
CIW80_22115, 6.21
CIW80_05195, 1.12
CIW80_08335, 156.47
CIW80_13860, 0
CIW80_05190, 74.65
CIW80_13865, 5
CIW80_08330, 2.15
CIW80_23465, 33.48
CIW80_23460, 0.91
CIW80_23350, 30.83
CIW80_16630, 421.46
CIW80_24335, 36.47
CIW80_00105, 4.91
CIW80_21995, 229.75
CIW80_00100, 7.11
CIW80_09660, 11.18
CIW80_03100, 1.34
CIW80_04330, 1.14
CIW80_03105, 0.27
CIW80_20910, 27.82
CIW80_04335, 0.9
CIW80_09425, 32.96
CIW80_04485, 0
CIW80_00630, 0.54
CIW80_04480, 1.27
CIW80_00635, 0.33
CIW80_00325, 45.59
CIW80_11710, 0
CIW80_00320, 20.68
CIW80_11715, 3.16
CIW80_09420, 35.69
CIW80_18675, 22.49
CIW80_24850, 1.66
CIW80_24385, 0
CIW80_18670, 228.92
CIW80_25585, 1752.81
CIW80_04900, 0.79
CIW80_21235, 269.02
CIW80_07825, 10.32
CIW80_05990, 143.35
CIW80_25580, 140.2
CIW80_07820, 5.05
CIW80_21230, 101.51
CIW80_19735, 7.56
CIW80_24525, 5.27
CIW80_23210, 15.77
CIW80_24520, 11.35
CIW80_19730, 0
CIW80_05680, 1.34
CIW80_09785, 19.67
CIW80_22025, 27.28
CIW80_08240, 1064.22
CIW80_05685, 6.69
CIW80_08245, 829.62
CIW80_22020, 4.53
CIW80_23510, 0
CIW80_11820, 31.97
CIW80_04025, 1.31
CIW80_11825, 150.99
CIW80_23515, 2.57
CIW80_04905, 9.54
CIW80_00175, 6.76
CIW80_04155, 1.87
CIW80_04150, 2.61
CIW80_25215, 10.63
CIW80_07225, 1.88
CIW80_08460, 125.28
CIW80_07220, 1.76
CIW80_25210, 9.38
CIW80_08465, 0
CIW80_09780, 1.38
CIW80_04935, 14.56
CIW80_18230, 7.5
CIW80_04930, 3.38
CIW80_25375, 4.65
CIW80_11550, 348.97
CIW80_00250, 4.2
CIW80_19650, 21.65
CIW80_00925, 51.62
CIW80_00255, 10.31
CIW80_00920, 24.61
CIW80_00170, 55.01
CIW80_11625, 348.89
CIW80_18700, 42.36
CIW80_18705, 21.29
CIW80_11620, 133.53
CIW80_10710, 2.15
CIW80_11555, 3.82
CIW80_07910, 19.61
CIW80_21340, 27.02
CIW80_10715, 11.54
CIW80_21345, 112.13
CIW80_07915, 23.92
CIW80_08795, 4.06
CIW80_03690, 5.63
CIW80_08065, 159.81
CIW80_18595, 55.59
CIW80_03695, 5.78
CIW80_08790, 3.11
CIW80_08060, 16.9
CIW80_25100, 49.78
CIW80_16930, 1.28
CIW80_22330, 46.3
CIW80_17335, 16.3
CIW80_22335, 402.27
CIW80_16935, 2.95
CIW80_02075, 71.49
CIW80_18975, 0.2
CIW80_02070, 40.61
CIW80_24280, 34.1
CIW80_24270, 117.19
CIW80_03070, 4.16
CIW80_03075, 13.21
CIW80_16095, 847.1
CIW80_02270, 1.56
CIW80_16710, 18.21
CIW80_21645, 66.68
CIW80_02275, 19.6
CIW80_21640, 1634.12
CIW80_16715, 33.78
CIW80_04800, 15.8
CIW80_03670, 26.28
CIW80_04805, 0.98
CIW80_03675, 16.9
CIW80_15115, 0
CIW80_00810, 2.41
CIW80_20740, 2.58
CIW80_00815, 80.27
CIW80_15515, 100.6
CIW80_19815, 6.45
CIW80_24180, 6.84
CIW80_11530, 2497.39
CIW80_19810, 3.2
CIW80_11535, 7.97
CIW80_21690, 84.02
CIW80_24675, 0.38
CIW80_18815, 2.9
CIW80_23885, 20.02
CIW80_24670, 0
CIW80_23880, 57.66
CIW80_18810, 0
CIW80_02675, 83.45
CIW80_02670, 64.42
CIW80_15110, 0.2
CIW80_06770, 0.73
CIW80_06775, 0
CIW80_18140, 106.5
CIW80_06955, 485.3
CIW80_24770, 0.26
CIW80_07680, 15.02
CIW80_06950, 106.07
CIW80_07685, 11.47
CIW80_22845, 2.31
CIW80_02415, 0.9
CIW80_06170, 9.12
CIW80_02410, 38.9
CIW80_22840, 269.66
CIW80_06175, 0.77
CIW80_23860, 46.77
CIW80_18145, 54.47
CIW80_13970, 0
CIW80_22155, 120.78
CIW80_21735, 33.28
CIW80_09685, 2.05
CIW80_15015, 17.75
CIW80_09680, 1.53
CIW80_06885, 8.06
CIW80_19520, 6.43
CIW80_06880, 110.28
CIW80_23195, 55.39
CIW80_16860, 115.55
CIW80_14950, 113.51
CIW80_20580, 17.49
CIW80_14460, 1.66
CIW80_19340, 0
CIW80_18920, 0
CIW80_18060, 34.79
CIW80_18925, 5.81
CIW80_17415, 0
CIW80_12920, 0
CIW80_12430, 947.11
CIW80_12925, 62.52
CIW80_20295, 417.84
CIW80_12435, 3.07
CIW80_07320, 184.6
CIW80_01515, 20.6
CIW80_22595, 3.37
CIW80_01510, 23.59
CIW80_12380, 111.86
CIW80_22590, 16.74
CIW80_08805, 54.06
CIW80_25505, 483.28
CIW80_06315, 2.85
CIW80_25605, 35.98
CIW80_08800, 5.68
CIW80_06310, 30.43
CIW80_02300, 3.03
CIW80_15955, 178
CIW80_07775, 2.37
CIW80_02305, 1.73
CIW80_07770, 0.4
CIW80_22655, 377
CIW80_20515, 64.2
CIW80_06085, 4.19
CIW80_04635, 6.23
CIW80_20510, 72.91
CIW80_13520, 726.61
CIW80_06080, 13.99
CIW80_02090, 16.09
CIW80_16680, 9.54
CIW80_18450, 1
CIW80_02095, 3.66
CIW80_21820, 19.56
CIW80_25500, 15.52
CIW80_18350, 12.01
CIW80_23585, 0.56
CIW80_17460, 14.76
CIW80_22790, 9.6
CIW80_15320, 546.38
CIW80_12725, 12.61
CIW80_12720, 2.21
CIW80_12655, 2.11
CIW80_17465, 20.77
CIW80_02060, 1.55
CIW80_13095, 0.21
CIW80_23265, 22.93
CIW80_13090, 0
CIW80_18355, 15.93
CIW80_01200, 28.15
CIW80_11275, 36.31
CIW80_01205, 27.62
CIW80_22935, 7.58
CIW80_03845, 0
CIW80_17410, 16.16
CIW80_06220, 53.36
CIW80_03840, 0.58
CIW80_22930, 2.73
CIW80_06225, 17.7
CIW80_14480, 807.8
CIW80_09220, 1.93
CIW80_11885, 11.35
CIW80_09225, 14.86
CIW80_13410, 24654.82
CIW80_06790, 0
CIW80_21110, 5.36
CIW80_06795, 286.58
CIW80_13415, 870.61
CIW80_17390, 16.9
CIW80_15845, 18.45
CIW80_17395, 22.74
CIW80_15840, 73.11
CIW80_01685, 33.42
CIW80_01680, 9.69
CIW80_07420, 117.18
CIW80_13670, 40.8
CIW80_13895, 24
CIW80_18970, 0.8
CIW80_13890, 210.89
CIW80_13675, 1.33
CIW80_17570, 604.24
CIW80_18385, 70.32
CIW80_17575, 486.78
CIW80_18380, 32.46
CIW80_14170, 340.47
CIW80_09435, 32.84
CIW80_13380, 34.5
CIW80_25050, 2.41
CIW80_23675, 0.35
CIW80_14175, 82.3
CIW80_13385, 21.12
CIW80_09325, 1.42
CIW80_07425, 42.47
CIW80_17375, 1.55
CIW80_09320, 1.87
CIW80_01335, 24.57
CIW80_23070, 8.39
CIW80_01330, 1.06
CIW80_23075, 3073.09
CIW80_21650, 77.57
CIW80_06425, 12.18
CIW80_06420, 93.85
CIW80_10875, 36.7
CIW80_09550, 0
CIW80_07340, 13.56
CIW80_10870, 7.35
CIW80_13255, 56.78
CIW80_09630, 2.33
CIW80_13705, 9.72
CIW80_13250, 8.04
CIW80_24590, 12.85
CIW80_13700, 0
CIW80_10470, 159.11
CIW80_15620, 43.1
CIW80_10475, 77.62
CIW80_07345, 211.8
CIW80_15625, 5.25
CIW80_20240, 67.46
CIW80_21005, 252.36
CIW80_19690, 0
CIW80_21000, 1525.56
CIW80_25785, 1.84
CIW80_09555, 1.53
CIW80_14715, 0.35
CIW80_10270, 187.32
CIW80_14710, 42.16
CIW80_10275, 41.88
CIW80_20245, 89.82
CIW80_22610, 508.59
CIW80_19385, 0
CIW80_09030, 5.67
CIW80_19380, 0
CIW80_16400, 216.51
CIW80_09035, 6.85
CIW80_01020, 16.32
CIW80_25545, 1.56
CIW80_05215, 21.75
CIW80_25780, 0.34
CIW80_01025, 386.35
CIW80_05210, 35.83
CIW80_23185, 4.21
CIW80_17385, 31.79
CIW80_23180, 2.07
CIW80_15715, 3.64
CIW80_11880, 0
CIW80_17750, 404.45
CIW80_20360, 24.29
CIW80_15710, 7.52
CIW80_05525, 39.68
CIW80_05035, 21.73
CIW80_05520, 27.05
CIW80_05030, 0
CIW80_11015, 340.2
CIW80_21960, 41.29
CIW80_11010, 363.84
CIW80_19615, 66.14
CIW80_05855, 37.34
CIW80_21840, 0.49
CIW80_10015, 35.74
CIW80_05850, 5
CIW80_10010, 5.04
CIW80_14000, 5.71
CIW80_19035, 0
CIW80_12545, 25.67
CIW80_19030, 0
CIW80_19415, 37.35
CIW80_22100, 6.88
CIW80_05950, 34.85
CIW80_10385, 21.34
CIW80_20985, 5.2
CIW80_22105, 20.36
CIW80_25730, 104.26
CIW80_10380, 13.29
CIW80_13870, 7.4
CIW80_08325, 2.49
CIW80_08320, 0
CIW80_10110, 7.97
CIW80_21845, 1.21
CIW80_05450, 44.95
CIW80_05320, 402.55
CIW80_05455, 252.59
CIW80_05325, 170.59
CIW80_24955, 6.56
CIW80_12540, 23.4
CIW80_07210, 49.21
CIW80_00475, 0.77
CIW80_04320, 28.1
CIW80_20190, 200.99
CIW80_04490, 119.45
CIW80_03115, 0
CIW80_20195, 268.35
CIW80_04325, 0.1
CIW80_03110, 0
CIW80_04495, 48.82
CIW80_09815, 21.83
CIW80_00310, 34.92
CIW80_00645, 5.74
CIW80_05140, 1338.22
CIW80_00315, 27.98
CIW80_09810, 39.89
CIW80_05145, 1023.76
CIW80_00640, 0
CIW80_11700, 0
CIW80_24860, 0.54
CIW80_20350, 17.16
CIW80_24865, 0.31
CIW80_11705, 0
CIW80_20355, 12
CIW80_10500, 8.54
CIW80_00480, 1
CIW80_23315, 0
CIW80_10120, 33.78
CIW80_00485, 1.14
CIW80_10125, 66.26
CIW80_25595, 25.17
CIW80_18805, 4.37
CIW80_19720, 0.64
CIW80_08495, 124.8
CIW80_21220, 11.69
CIW80_08490, 12.88
CIW80_10720, 209.05
CIW80_10505, 46.75
CIW80_25020, 0
CIW80_10490, 218.16
CIW80_24665, 2.83
CIW80_10495, 121.98
CIW80_25025, 249.31
CIW80_08250, 52.15
CIW80_22035, 5.87
CIW80_02585, 18.32
CIW80_22030, 4.19
CIW80_08255, 94.48
CIW80_15415, 30.99
CIW80_14265, 93.47
CIW80_23525, 0
CIW80_04035, 1.97
CIW80_02930, 142.47
CIW80_04030, 0.81
CIW80_23520, 11.42
CIW80_02935, 208.51
CIW80_24190, 13.11
CIW80_04145, 2.39
CIW80_10580, 160.38
CIW80_04140, 3.03
CIW80_25070, 0.17
CIW80_08470, 80.21
CIW80_14260, 38.81
CIW80_03200, 0
CIW80_18865, 2.24
CIW80_08475, 15.33
CIW80_04925, 9.08
CIW80_16540, 408.03
CIW80_16545, 76.07
CIW80_00265, 0
CIW80_15555, 5.1
CIW80_00260, 1.98
CIW80_19620, 3.17
CIW80_18710, 49.29
CIW80_11635, 24.12
CIW80_21060, 4.36
CIW80_09390, 0
CIW80_11630, 164.65
CIW80_18715, 55.97
CIW80_00795, 5.57
CIW80_07965, 7.81
CIW80_19075, 0
CIW80_00790, 11.56
CIW80_07960, 10.14
CIW80_24465, 7.38
CIW80_08075, 3.9
CIW80_03685, 2.57
CIW80_08070, 2.98
CIW80_24210, 75.8
CIW80_03680, 3.75
CIW80_04475, 22.87
CIW80_22320, 69.55
CIW80_16945, 7.42
CIW80_18800, 0.07
CIW80_21355, 66.33
CIW80_19485, 33.51
CIW80_16940, 7.3
CIW80_19170, 0.94
CIW80_24245, 14.17
CIW80_02865, 3.75
CIW80_03065, 3.17
CIW80_24240, 4.96
CIW80_03060, 1.19
CIW80_02245, 149.5
CIW80_02795, 16.68
CIW80_02240, 17.86
CIW80_02790, 1.8
CIW80_03660, 13.74
CIW80_20770, 2.72
CIW80_04815, 3.07
CIW80_20775, 12.85
CIW80_03665, 4.59
CIW80_04810, 15.66
CIW80_19820, 14.48
CIW80_00865, 21.03
CIW80_14810, 101.12
CIW80_19825, 1.66
CIW80_14815, 65.28
CIW80_00860, 3.52
CIW80_11520, 15.86
CIW80_09330, 0.87
CIW80_20170, 136.86
CIW80_24645, 35.3
CIW80_11525, 4.61
CIW80_20175, 1.69
CIW80_02640, 4.47
CIW80_02645, 52.08
CIW80_08905, 10.6
CIW80_23550, 10.81
CIW80_08675, 5.15
CIW80_08670, 72.13
CIW80_17150, 1.47
CIW80_06940, 0
CIW80_06765, 8.82
CIW80_21795, 0
CIW80_06760, 12.51
CIW80_06945, 133.27
CIW80_02420, 0.19
CIW80_22850, 4.89
CIW80_02425, 0.36
CIW80_18095, 5.15
CIW80_22855, 3.5
CIW80_06160, 150.38
CIW80_20615, 13.25
CIW80_20145, 29.38
CIW80_06165, 277.41
CIW80_20610, 5.98
CIW80_05555, 55.22
CIW80_23855, 89.35
CIW80_16160, 39.94
CIW80_21745, 2.47
CIW80_16165, 20.84
CIW80_23850, 1.53
CIW80_21740, 267.88
CIW80_19015, 2.06
CIW80_22870, 1.78
CIW80_11905, 41.82
CIW80_05550, 18.49
CIW80_16360, 1.37
CIW80_06890, 9.79
CIW80_07165, 328.3
CIW80_16365, 0.64
CIW80_19725, 3.95
CIW80_14925, 18.12
CIW80_24080, 547.39
CIW80_11900, 36.08
CIW80_24085, 222.54
CIW80_14920, 26.65
CIW80_18930, 0.91
CIW80_23985, 1684.57
CIW80_18935, 0.9
CIW80_22875, 3.07
CIW80_12420, 35.27
CIW80_01520, 7.37
CIW80_12390, 2.15
CIW80_01830, 0.61
CIW80_01525, 53.08
CIW80_12425, 111.49
CIW80_01835, 3.47
CIW80_04615, 10.33
CIW80_22585, 13.68
CIW80_08810, 155.95
CIW80_07160, 10.52
CIW80_22580, 4.07
CIW80_07880, 0.32
CIW80_08815, 25.25
CIW80_06305, 73.84
CIW80_03520, 6.54
CIW80_06300, 9.99
CIW80_07785, 0.46
CIW80_02335, 1.29
CIW80_04975, 7.29
CIW80_20500, 181.79
CIW80_02330, 1.1
CIW80_20505, 1.85
CIW80_06095, 2.56
CIW80_23215, 9
CIW80_23870, 45.14
CIW80_06090, 3.14
CIW80_03525, 7.42
CIW80_14540, 3.92
CIW80_07545, 8.22
CIW80_20630, 35.4
CIW80_07540, 1.9
CIW80_02565, 5.31
CIW80_09910, 61.45
CIW80_23875, 9.75
CIW80_11410, 2.73
CIW80_21695, 4
CIW80_12735, 48.16
CIW80_12730, 7.43
CIW80_11580, 146.84
CIW80_17190, 0.87
CIW80_01785, 5.46
CIW80_12645, 354.11
CIW80_17195, 0.34
CIW80_13060, 27.32
CIW80_12640, 57.81
CIW80_01780, 1.47
CIW80_13065, 61.03
CIW80_20090, 77.16
CIW80_17700, 38.22
CIW80_16145, 30.68
CIW80_09915, 67.32
CIW80_01235, 16.65
CIW80_03870, 244.97
CIW80_22920, 0
CIW80_03875, 7.95
CIW80_01230, 22.07
CIW80_22925, 1.7
CIW80_06230, 63.11
CIW80_23390, 3.86
CIW80_06545, 7.52
CIW80_18180, 74.79
CIW80_06235, 27.82
CIW80_06540, 4.69
CIW80_15995, 106.99
CIW80_09255, 22.91
CIW80_14360, 3.76
CIW80_09250, 19.54
CIW80_06780, 0.1
CIW80_13465, 0.82
CIW80_16140, 109.36
CIW80_15525, 0
CIW80_06785, 0
CIW80_23325, 8.09
CIW80_13460, 1.65
CIW80_15855, 145.27
CIW80_21965, 150.19
CIW80_16470, 1.13
CIW80_15850, 272.03
CIW80_20485, 12.49
CIW80_17380, 29.78
CIW80_08130, 2.68
CIW80_11270, 327.56
CIW80_14465, 1.9
CIW80_20980, 1.58
CIW80_13605, 2375.55
CIW80_16475, 32.44
CIW80_13600, 16.87
CIW80_18395, 22.09
CIW80_18025, 2.15
CIW80_17565, 158.66
CIW80_18390, 24.38
CIW80_17560, 146.06
CIW80_19610, 8.07
CIW80_14145, 126.17
CIW80_14495, 9.48
CIW80_15145, 21.25
CIW80_14140, 50.72
CIW80_23660, 1.13
CIW80_14490, 26.23
CIW80_17360, 0
CIW80_01300, 46.75
CIW80_01650, 18.28
CIW80_01305, 18.76
CIW80_17365, 11.36
CIW80_01655, 17.29
CIW80_11265, 15.73
CIW80_06430, 93.49
CIW80_10460, 38.25
CIW80_06435, 789.63
CIW80_10860, 7.55
CIW80_10865, 9.09
CIW80_21485, 14.05
CIW80_13260, 7.82
CIW80_10515, 461.98
CIW80_13265, 10.48
CIW80_23310, 0
CIW80_16875, 0.51
CIW80_13585, 657.73
CIW80_15225, 1
CIW80_14365, 40.08
CIW80_15155, 388.64
CIW80_15630, 0.8
CIW80_21030, 0
CIW80_10465, 40.47
CIW80_21035, 7.6
CIW80_15635, 3.74
CIW80_10115, 48.81
CIW80_14720, 0.69
CIW80_13110, 1.21
CIW80_14725, 1.31
CIW80_13115, 0.48
CIW80_10260, 16.49
CIW80_15380, 5.84
CIW80_25560, 0.9
CIW80_22625, 35.09
CIW80_10265, 33.89
CIW80_23670, 0
CIW80_13280, 4.44
CIW80_18125, 9.41
CIW80_15965, 5.94
CIW80_13285, 19.39
CIW80_24820, 11.74
CIW80_09020, 6.56
CIW80_18480, 35.22
CIW80_17960, 159.79
CIW80_18020, 0
CIW80_09025, 6.67
CIW80_17965, 127.01
CIW80_01015, 2.52
CIW80_05205, 2.18
CIW80_05200, 3.57
CIW80_01010, 7.81
CIW80_19560, 7.12
CIW80_23395, 4.45
CIW80_21260, 1103.3
CIW80_23190, 37
CIW80_24415, 7.66
CIW80_15705, 1.38
CIW80_03890, 1.61
CIW80_15700, 1.1
CIW80_03895, 56.08
CIW80_14315, 76.94
CIW80_05025, 0
CIW80_22275, 3.77
CIW80_05020, 2133.29
CIW80_24410, 0
CIW80_05840, 20.04
CIW80_14645, 2716.91
CIW80_17790, 12.96
CIW80_05845, 39.94
CIW80_15075, 2.17
CIW80_10005, 245.62
CIW80_22990, 4.08
CIW80_10000, 456.72
CIW80_21100, 0.67
CIW80_18320, 618.85
CIW80_14035, 0.79
CIW80_14030, 0.41
CIW80_15040, 304.49
CIW80_12520, 5.07
CIW80_22135, 38.38
CIW80_08310, 6.15
CIW80_08315, 69.38
CIW80_22130, 10.4
CIW80_13845, 36.86
CIW80_18325, 473.04
CIW80_09755, 36.65
CIW80_16130, 0
CIW80_13840, 9.72
CIW80_23440, 0
CIW80_05330, 431.17
CIW80_05445, 20.02
CIW80_05335, 329.08
CIW80_05440, 20.11
CIW80_17435, 1.79
CIW80_23680, 64.74
CIW80_22745, 66.85
CIW80_23685, 6.6
CIW80_03475, 0
CIW80_09800, 22.79
CIW80_20185, 74.18
CIW80_21930, 0.14
CIW80_03470, 0
CIW80_20180, 95.05
CIW80_09805, 0.44
CIW80_05150, 590.21
CIW80_00655, 2.11
CIW80_00305, 44.09
CIW80_00650, 4.27
CIW80_05155, 475.08
CIW80_00300, 9.43
CIW80_11735, 195.98
CIW80_18650, 205.38
CIW80_15135, 4.75
CIW80_24875, 0
CIW80_18655, 268.4
CIW80_11730, 1015.65
CIW80_24870, 0.5
CIW80_10130, 19.77
CIW80_21210, 13.41
CIW80_00495, 1.41
CIW80_21215, 11.05
CIW80_04375, 0
CIW80_00490, 0.42
CIW80_04790, 2.63
CIW80_19755, 0.47
CIW80_24505, 16.9
CIW80_04795, 3.75
CIW80_24500, 9.1
CIW80_19750, 205.98
CIW80_10480, 272.61
CIW80_22000, 180.12
CIW80_15070, 33.78
CIW80_18245, 2.34
CIW80_22005, 56.31
CIW80_10485, 1466.82
CIW80_11425, 11.18
CIW80_08265, 180.53
CIW80_04000, 142.06
CIW80_23530, 6.98
CIW80_04550, 1667.22
CIW80_04005, 2.26
CIW80_08260, 450.9
CIW80_04555, 29.89
CIW80_23535, 5.29
CIW80_02920, 4.42
CIW80_25690, 10.03
CIW80_00010, 46.82
CIW80_04370, 2.37
CIW80_25695, 10.29
CIW80_02925, 241.97
CIW80_05535, 8.65
CIW80_25275, 57.29
CIW80_07205, 27.23
CIW80_09750, 39.17
CIW80_07200, 23.65
CIW80_24235, 4.71
CIW80_08445, 0
CIW80_04955, 102.03
CIW80_04770, 92.82
CIW80_08440, 153.85
CIW80_04775, 25.14
CIW80_03270, 2.6
CIW80_16550, 174.66
CIW80_00270, 0
CIW80_16555, 6.55
CIW80_00275, 0
CIW80_11600, 13.41
CIW80_14250, 0
CIW80_11350, 27.15
CIW80_11605, 38.97
CIW80_11355, 58.9
CIW80_18725, 14.13
CIW80_00780, 70.48
CIW80_18720, 21.35
CIW80_00785, 26.98
CIW80_21365, 148.17
CIW80_07975, 99.02
CIW80_24470, 4.94
CIW80_07970, 70.35
CIW80_21360, 133.46
CIW80_24475, 1.47
CIW80_07315, 7.79
CIW80_22315, 28.03
CIW80_16955, 3.94
CIW80_16905, 159.67
CIW80_16950, 1.34
CIW80_22310, 38.63
CIW80_15405, 28.3
CIW80_03090, 0.3
CIW80_24705, 0
CIW80_03095, 25.15
CIW80_24255, 181.89
CIW80_07310, 1.53
CIW80_02250, 28.19
CIW80_25300, 12.45
CIW80_09440, 56.52
CIW80_25305, 238.91
CIW80_02255, 106.73
CIW80_02785, 92.25
CIW80_03300, 0
CIW80_02780, 30.47
CIW80_16750, 0.78
CIW80_03305, 0
CIW80_03655, 10.75
CIW80_20765, 24.42
CIW80_03650, 0
CIW80_20760, 61.42
CIW80_20525, 13.05
CIW80_14800, 19.74
CIW80_00875, 6.33
CIW80_19835, 107.59
CIW80_00870, 7.84
CIW80_14805, 18.82
CIW80_19830, 23.87
CIW80_19460, 372.26
CIW80_11515, 45.66
CIW80_18830, 10.78
CIW80_09445, 7.52
CIW80_18835, 17.75
CIW80_11510, 41.85
CIW80_24650, 4.48
CIW80_02655, 24.04
CIW80_14255, 11.33
CIW80_25320, 0.85
CIW80_02650, 53.9
CIW80_20705, 9.76
CIW80_04170, 2.15
CIW80_03785, 1.04
CIW80_04175, 7.29
CIW80_20935, 4.47
CIW80_03780, 1.24
CIW80_24915, 14.21
CIW80_06935, 410580.28
CIW80_07560, 0.67
CIW80_11420, 5.02
CIW80_00400, 82.82
CIW80_25410, 29.92
CIW80_22825, 19.14
CIW80_02435, 2.11
CIW80_02430, 0.77
CIW80_22820, 379.92
CIW80_06155, 2.78
CIW80_16990, 1.5
CIW80_23840, 1.05
CIW80_00150, 81.51
CIW80_06150, 658
CIW80_20020, 26.02
CIW80_00405, 8.2
CIW80_16175, 44.64
CIW80_21750, 96.73
CIW80_19500, 5.68
CIW80_16170, 41.17
CIW80_11680, 0.57
CIW80_00155, 6.33
CIW80_17130, 13.96
CIW80_16370, 2.05
CIW80_21595, 1614.15
CIW80_16375, 2.63
CIW80_21590, 319.5
CIW80_16995, 5.69
CIW80_24090, 18.65
CIW80_14935, 1.3
CIW80_19255, 37.22
CIW80_14930, 0.52
CIW80_24095, 6.93
CIW80_18905, 2.46
CIW80_17135, 0.61
CIW80_19505, 0
CIW80_23990, 2454.52
CIW80_15030, 2.07
CIW80_01820, 1066.71
CIW80_01535, 17.11
CIW80_01825, 287.17
CIW80_01530, 11.13
CIW80_19910, 29.29
CIW80_06330, 0
CIW80_08865, 11.47
CIW80_06840, 25.48
CIW80_06335, 0
CIW80_16585, 144.02
CIW80_06845, 12.5
CIW80_08860, 7.32
CIW80_07790, 0.8
CIW80_11250, 8.38
CIW80_02320, 0.96
CIW80_07795, 9.07
CIW80_02325, 0.9
CIW80_15400, 13.77
CIW80_19535, 0
CIW80_19390, 1.56
CIW80_15035, 7.01
CIW80_20570, 17.78
CIW80_09625, 262.48
CIW80_12090, 12.92
CIW80_07550, 1.49
CIW80_12095, 139.4
CIW80_15990, 4
CIW80_07555, 25.64
CIW80_16580, 114.74
CIW80_12700, 86.87
CIW80_21680, 483.86
CIW80_12250, 6.37
CIW80_12705, 23.17
CIW80_12255, 23.63
CIW80_21685, 182.87
CIW80_20565, 3.69
CIW80_15520, 2.15
CIW80_22080, 2.11
CIW80_13070, 1.56
CIW80_14440, 8.77
CIW80_20885, 31.93
CIW80_21410, 8.73
CIW80_13075, 0.8
CIW80_20880, 61.84
CIW80_20915, 3.43
CIW80_01220, 9.39
CIW80_09795, 2.91
CIW80_19250, 2.96
CIW80_12075, 4770.17
CIW80_01225, 14.08
CIW80_22485, 97.38
CIW80_22955, 4.22
CIW80_03865, 32.8
CIW80_21415, 11.97
CIW80_03860, 7.31
CIW80_20150, 112
CIW80_06205, 112.14
CIW80_12890, 78.48
CIW80_12895, 35.86
CIW80_06200, 43.12
CIW80_25265, 6.76
CIW80_14445, 251.12
CIW80_15140, 8.9
CIW80_09245, 210.96
CIW80_09240, 696.23
CIW80_20405, 7.73
CIW80_07565, 0.44
CIW80_23330, 16.67
CIW80_13475, 2.05
CIW80_18255, 0.9
CIW80_25510, 0.3
CIW80_13470, 3.2
CIW80_23335, 20.27
CIW80_21975, 89.44
CIW80_20970, 2.54
CIW80_21970, 196.72
CIW80_20975, 1.98
CIW80_23865, 180.92
CIW80_09620, 31.7
CIW80_10185, 15.12
CIW80_18030, 8.21
CIW80_18165, 59.33
CIW80_24985, 11.69
CIW80_13615, 663.42
CIW80_17590, 12.25
CIW80_13610, 539.68
CIW80_07215, 10.71
CIW80_10395, 141.82
CIW80_14150, 40.24
CIW80_16395, 21.12
CIW80_14155, 131.39
CIW80_14100, 5.06
CIW80_09300, 1.32
CIW80_17600, 20.16
CIW80_09305, 0.9
CIW80_11815, 0.35
CIW80_01640, 37.82
CIW80_10390, 5.35
CIW80_22500, 165.69
CIW80_01315, 3.12
CIW80_01645, 20.61
CIW80_23055, 2.07
CIW80_18040, 4.21
CIW80_06445, 41.35
CIW80_12960, 13.95
CIW80_23050, 251.13
CIW80_06440, 0.56
CIW80_10815, 2.26
CIW80_22550, 68.03
CIW80_22555, 15.31
CIW80_10810, 1.37
CIW80_18435, 141.64
CIW80_03995, 3.15
CIW80_25525, 0.72
CIW80_13270, 2.99
CIW80_20780, 100.77
CIW80_12670, 41.27
CIW80_01790, 102.84
CIW80_12675, 8.91
CIW80_19290, 0.27
CIW80_01795, 397.83
CIW80_15605, 154.96
CIW80_21025, 1.16
CIW80_03990, 3.38
CIW80_21020, 5.31
CIW80_13100, 0.5
CIW80_25620, 5.1
CIW80_14735, 3.26
CIW80_13105, 0.22
CIW80_14730, 1.44
CIW80_19280, 7.77
CIW80_07040, 13.62
CIW80_22635, 59.98
CIW80_10250, 563.53
CIW80_18035, 7.11
CIW80_13290, 3.54
CIW80_22805, 904.46
CIW80_11895, 309.99
CIW80_13295, 19.59
CIW80_09015, 0
CIW80_05230, 6.07
CIW80_01000, 7.18
CIW80_22455, 46.85
CIW80_05235, 17.19
CIW80_09010, 2.6
CIW80_16390, 1.53
CIW80_01005, 6.85
CIW80_23425, 50.86
CIW80_11810, 0
CIW80_15730, 8.88
CIW80_00125, 5.11
CIW80_15735, 17.86
CIW80_10925, 61.73
CIW80_07030, 5.68
CIW80_03880, 37.8
CIW80_24895, 110.91
CIW80_03885, 1.99
CIW80_25515, 0.31
CIW80_15060, 39.62
CIW80_11035, 397.69
CIW80_00120, 1.28
CIW80_11030, 534.72
CIW80_05780, 194.77
CIW80_05835, 78.42
CIW80_05785, 8.83
CIW80_05830, 13.71
CIW80_14020, 11.68
CIW80_11770, 10.56
CIW80_14025, 55.07
CIW80_15280, 2.61
CIW80_22120, 8.16
CIW80_09760, 14.8
CIW80_09740, 33.87
CIW80_10095, 30.16
CIW80_21730, 65.6
CIW80_22125, 1.35
CIW80_07400, 9.55
CIW80_13850, 22.67
CIW80_08305, 111.64
CIW80_14995, 99.42
CIW80_08300, 27.21
CIW80_13855, 8.16
CIW80_19325, 26.35
CIW80_25700, 0.98
CIW80_17820, 167.04
CIW80_19890, 0
CIW80_17825, 11.35
CIW80_05305, 2.62
CIW80_08885, 4.99
CIW80_05300, 0
CIW80_23820, 0.91
CIW80_15215, 1.03
CIW80_07405, 675.08
CIW80_04315, 0.61
CIW80_09875, 0.56
CIW80_23245, 33.61
CIW80_00665, 0
CIW80_05965, 801.62
CIW80_09870, 8.22
CIW80_05165, 2.84
CIW80_11720, 413.33
CIW80_05160, 497.75
CIW80_15530, 9.91
CIW80_08880, 18.93
CIW80_20375, 7.17
CIW80_05940, 24.78
CIW80_20370, 8.87
CIW80_05945, 71.52
CIW80_16050, 11.33
CIW80_05495, 20.11
CIW80_21205, 33.78
CIW80_15065, 1378.12
CIW80_05490, 19.09
CIW80_21200, 18.41
CIW80_04310, 7.79
CIW80_13405, 60.81
CIW80_04785, 13.24
CIW80_11215, 0
CIW80_04780, 22.22
CIW80_12830, 6.3
CIW80_16055, 85.62
CIW80_08270, 2.68
CIW80_22015, 9.72
CIW80_25040, 171.06
CIW80_15190, 54.06
CIW80_22010, 46.31
CIW80_08275, 124.7
CIW80_04540, 122.61
CIW80_24660, 0
CIW80_23545, 8.36
CIW80_04015, 2.93
CIW80_22170, 1.29
CIW80_04545, 48.58
CIW80_04010, 2
CIW80_16425, 11.65
CIW80_02915, 6.76
CIW80_05010, 35.78
CIW80_05545, 865.2
CIW80_25685, 4.66
CIW80_05015, 2.02
CIW80_02910, 12.48
CIW80_14990, 339.47
CIW80_05540, 3.69
CIW80_21570, 3425.04
CIW80_07895, 14.99
CIW80_11325, 911.87
CIW80_25260, 16.27
CIW80_07890, 23.68
CIW80_04760, 0
CIW80_04945, 30.54
CIW80_20085, 10.78
CIW80_09900, 2.18
CIW80_04940, 11.77
CIW80_04765, 14.21
CIW80_09905, 3.75
CIW80_20080, 1.44
CIW80_16565, 17.75
CIW80_19600, 1.31
CIW80_00205, 0
CIW80_07045, 0
CIW80_11320, 40.36
CIW80_00200, 5.44
CIW80_11340, 19.23
CIW80_18730, 24.23
CIW80_11615, 13.09
CIW80_11345, 303.9
CIW80_11610, 48.22
CIW80_18735, 0.14
CIW80_07940, 68.59
CIW80_10745, 3.09
CIW80_07945, 56.46
CIW80_10740, 151.06
CIW80_24405, 2.79
CIW80_08055, 16.49
CIW80_08050, 19.36
CIW80_24400, 0
CIW80_16960, 32.06
CIW80_22300, 9.74
CIW80_16965, 6.28
CIW80_22305, 5.75
CIW80_23445, 0.99
CIW80_04300, 6.2
CIW80_04305, 5.26
CIW80_03080, 12.43
CIW80_19475, 113.71
CIW80_24225, 0.44
CIW80_11400, 2.86
CIW80_17250, 95.19
CIW80_03085, 1.55
CIW80_13145, 0
CIW80_17895, 1.19
CIW80_16740, 2.85
CIW80_02225, 61.77
CIW80_11925, 15.2
CIW80_25315, 53.8
CIW80_22175, 1.22
CIW80_02220, 48.02
CIW80_03310, 16.82
CIW80_15450, 1.4
CIW80_03640, 0
CIW80_20790, 0
CIW80_16760, 18.21
CIW80_03315, 2.13
CIW80_20795, 1.96
CIW80_03645, 0
CIW80_00840, 129.67
CIW80_00510, 21.6
CIW80_00845, 121.58
CIW80_24975, 518.03
CIW80_00515, 2.33
CIW80_14835, 1.75
CIW80_11500, 25.05
CIW80_10645, 25.25
CIW80_14830, 19.4
CIW80_11505, 34.39
CIW80_20155, 55.01
CIW80_00680, 0
CIW80_18965, 1.22
CIW80_00685, 113.7
CIW80_10135, 0
CIW80_08690, 2.72
CIW80_24310, 0.8
CIW80_08695, 13.19
CIW80_22295, 20.37
CIW80_03795, 6.85
CIW80_04165, 3.2
CIW80_03790, 5.89
CIW80_14200, 141.64
CIW80_04160, 4.25
CIW80_19860, 4.19
CIW80_06925, 77.34
CIW80_06920, 33.09
CIW80_22835, 13.21
CIW80_06140, 1.51
CIW80_24130, 43.97
CIW80_22830, 4
CIW80_21190, 9.02
CIW80_24135, 144.45
CIW80_06145, 0
CIW80_21760, 149.74
CIW80_21135, 5.02
CIW80_02130, 11.85
CIW80_21765, 173.95
CIW80_02135, 22.68
CIW80_23830, 100.59
CIW80_02685, 61.81
CIW80_13925, 89.07
CIW80_02680, 26.7
CIW80_21560, 9
CIW80_19240, 14.68
CIW80_25190, 8.41
CIW80_11920, 32.28
CIW80_17545, 22.14
CIW80_16345, 0
CIW80_14900, 0
CIW80_21195, 5.55
CIW80_14905, 0
CIW80_16340, 175.91
CIW80_24600, 0
CIW80_18910, 1.44
CIW80_14160, 137.98
CIW80_17680, 18.43
CIW80_19990, 8.31
CIW80_07095, 0.72
CIW80_19995, 24.32
CIW80_25055, 3.69
CIW80_07090, 7.24
CIW80_01815, 46.68
CIW80_01810, 37.1
CIW80_18775, 27.1
CIW80_08840, 30.63
CIW80_06850, 6.69
CIW80_08875, 3.25
CIW80_06325, 31.67
CIW80_08870, 7.86
CIW80_06855, 210.05
CIW80_06320, 0
CIW80_17265, 44.65
CIW80_02355, 1.4
CIW80_15465, 5.46
CIW80_02350, 1
CIW80_08845, 6.25
CIW80_14865, 1.31
CIW80_23940, 68.44
CIW80_20560, 15.93
CIW80_23945, 141.24
CIW80_15985, 1.85
CIW80_25750, 12.83
CIW80_07525, 1.59
CIW80_12085, 219.88
CIW80_12080, 0
CIW80_07520, 1.57
CIW80_17260, 9.36
CIW80_12240, 1.39
CIW80_25405, 31.06
CIW80_12715, 13.61
CIW80_12245, 7.37
CIW80_12710, 0
CIW80_08960, 29.73
CIW80_19245, 11.61
CIW80_25755, 1.09
CIW80_13045, 76.51
CIW80_20895, 76.81
CIW80_13595, 53.89
CIW80_20890, 20.35
CIW80_13040, 72.59
CIW80_15475, 2.26
CIW80_13590, 32.95
CIW80_12060, 31.75
CIW80_17765, 0.74
CIW80_01255, 148.65
CIW80_15000, 330.13
CIW80_12065, 81.76
CIW80_01250, 38917.42
CIW80_22945, 1.64
CIW80_06210, 97.22
CIW80_22940, 13.6
CIW80_24435, 4.17
CIW80_06215, 96.31
CIW80_01490, 1.87
CIW80_08965, 24.34
CIW80_01495, 249.03
CIW80_05530, 59.46
CIW80_12880, 48.27
CIW80_18770, 40.6
CIW80_13440, 8.78
CIW80_23430, 1.77
CIW80_13445, 8.68
CIW80_20415, 31.85
CIW80_11025, 150.34
CIW80_20550, 20.48
CIW80_23305, 0
CIW80_21940, 14.12
CIW80_22620, 16.77
CIW80_07630, 4.53
CIW80_09635, 569.97
CIW80_23300, 0
CIW80_07635, 1.84
CIW80_20960, 3.33
CIW80_17795, 31.52
CIW80_21040, 1000.96
CIW80_14860, 2.52
CIW80_20965, 0.65
CIW80_20555, 0.72
CIW80_12400, 2.87
CIW80_00015, 622.76
CIW80_25400, 0
CIW80_24970, 270.75
CIW80_16380, 1.17
CIW80_12405, 90.46
CIW80_17580, 17.28
CIW80_19710, 4.41
CIW80_22420, 20.84
CIW80_17585, 95.98
CIW80_17745, 110.59
CIW80_14125, 63.37
CIW80_24485, 10.97
CIW80_14120, 39.22
CIW80_17610, 100.87
CIW80_07105, 197.4
CIW80_17340, 9.62
CIW80_03375, 12.43
CIW80_17615, 3.14
CIW80_09310, 0.61
CIW80_17345, 0.95
CIW80_01675, 7.02
CIW80_23040, 0
CIW80_01670, 37.97
CIW80_23045, 0
CIW80_06455, 59.5
CIW80_14395, 2.18
CIW80_06450, 190.55
CIW80_03370, 5.34
CIW80_18510, 31.02
CIW80_22540, 18.47
CIW80_10805, 8.87
CIW80_24480, 9.48
CIW80_10800, 19.62
CIW80_22545, 5.26
CIW80_07100, 2.28
CIW80_15205, 1.42
CIW80_16535, 126.6
CIW80_17295, 3.07
CIW80_12665, 109.94
CIW80_17290, 14.6
CIW80_03275, 2.1
CIW80_12660, 84.38
CIW80_24925, 15.38
CIW80_19190, 0
CIW80_19195, 3.09
CIW80_13135, 0
CIW80_10240, 37.8
CIW80_13130, 35.86
CIW80_10245, 591.43
CIW80_13910, 1.23
CIW80_13915, 2.28
CIW80_13710, 22.27
CIW80_14585, 317.01
CIW80_09000, 0.09
CIW80_04950, 41.51
CIW80_14565, 78.86
CIW80_09005, 0
CIW80_16840, 0.5
CIW80_17905, 1.76
CIW80_01075, 6.75
CIW80_05225, 16.95
CIW80_17900, 2.05
CIW80_05220, 31.12
CIW80_01070, 3.9
CIW80_11210, 8.13
CIW80_10930, 75.78
CIW80_16125, 21.75
CIW80_15725, 2.25
CIW80_10935, 214.47
CIW80_15720, 3.2
CIW80_09745, 43.05
CIW80_13620, 12707.03
CIW80_14560, 129.88
CIW80_13625, 205.87
CIW80_16015, 4845.25
CIW80_21045, 175.46
CIW80_05825, 64.11
CIW80_21165, 0
CIW80_05795, 22.92
CIW80_05820, 2.79
CIW80_05790, 19.36
CIW80_16120, 64.43
CIW80_14055, 13.9
CIW80_14050, 7.27
CIW80_18250, 2.3
CIW80_19330, 0
CIW80_15295, 29.92
CIW80_15290, 5.18
CIW80_22150, 55.71
CIW80_11990, 33.53
CIW80_13825, 11.64
CIW80_11995, 20.68
CIW80_22140, 77.82
CIW80_13820, 15.15
CIW80_17830, 54.5
CIW80_18880, 3.17
CIW80_05310, 240.38
CIW80_01100, 74.31
CIW80_22795, 7.26
CIW80_17835, 0
CIW80_01105, 92.66
CIW80_05315, 276.31
CIW80_20945, 5.81
CIW80_23435, 0.67
CIW80_15165, 72.12
CIW80_15610, 144.61
CIW80_18645, 71.02
CIW80_15615, 41.63
CIW80_09865, 72.05
CIW80_05170, 4.92
CIW80_00675, 41.61
CIW80_09860, 1.96
CIW80_00670, 0.87
CIW80_05175, 4.16
CIW80_15160, 25.15
CIW80_11755, 99.76
CIW80_11970, 160.23
CIW80_10730, 164.09
CIW80_11975, 27.57
CIW80_11750, 31.05
CIW80_00470, 3.6
CIW80_24370, 3.83
CIW80_05480, 79.09
CIW80_05955, 683.62
CIW80_05485, 8.54
CIW80_11190, 0.87
CIW80_08195, 35.71
CIW80_11195, 16.9
CIW80_08190, 40.62
CIW80_15245, 15.62
CIW80_15180, 0.9
CIW80_19480, 1.06
CIW80_25075, 0.9
CIW80_15185, 29.5
CIW80_08205, 146.81
CIW80_10735, 143.1
CIW80_19175, 0.67
CIW80_08200, 45.24
CIW80_04575, 2.67
CIW80_23555, 4.57
CIW80_02900, 0.76
CIW80_25670, 31.98
CIW80_19335, 1.76
CIW80_04570, 148.62
CIW80_18315, 0
CIW80_02905, 12.49
CIW80_00075, 55.37
CIW80_05005, 17.13
CIW80_00070, 112.16
CIW80_17355, 12.27
CIW80_05000, 4.56
CIW80_15130, 0.87
CIW80_03250, 0.95
CIW80_08425, 1.82
CIW80_04200, 0.14
CIW80_03255, 1.58
CIW80_04205, 0.09
CIW80_08420, 0.91
CIW80_04755, 26.36
CIW80_08045, 4.11
CIW80_16570, 4.24
CIW80_25090, 9.54
CIW80_18170, 41.16
CIW80_04750, 9.79
CIW80_25095, 4.77
CIW80_16575, 2321.46
CIW80_00215, 13.07
CIW80_17020, 0.6
CIW80_00210, 0
CIW80_18640, 52.45
CIW80_11375, 3.51
CIW80_17755, 0.69
CIW80_18745, 1.11
CIW80_25285, 26.73
CIW80_24780, 6.15
CIW80_11370, 10.23
CIW80_18740, 0.77
CIW80_10755, 0.1
CIW80_21305, 5.41
CIW80_07955, 101.74
CIW80_10750, 0.74
CIW80_15470, 0.61
CIW80_07950, 114.66
CIW80_21300, 62.49
CIW80_18535, 162.99
CIW80_18580, 13.22
CIW80_04685, 4.77
CIW80_24375, 6.41
CIW80_18585, 553.91
CIW80_04680, 2.83
CIW80_22375, 16.31
CIW80_08510, 3.82
CIW80_16270, 938.29
CIW80_18460, 1.88
CIW80_08515, 12.22
CIW80_22370, 8.47
CIW80_25570, 13.77
CIW80_03415, 27.97
CIW80_17450, 53.15
CIW80_03410, 17.39
CIW80_22760, 13.12
CIW80_24230, 63.12
CIW80_25325, 167.16
CIW80_02235, 0.67
CIW80_08730, 11.39
CIW80_02230, 0
CIW80_17865, 5.68
CIW80_08735, 12.93
CIW80_03325, 8.16
CIW80_25045, 109.13
CIW80_03635, 17.65
CIW80_03320, 1.34
CIW80_03630, 0.33
CIW80_00500, 0.72
CIW80_14820, 26.22
CIW80_00855, 0
CIW80_00505, 1.16
CIW80_00850, 60.27
CIW80_14825, 33.13
CIW80_11575, 37.34
CIW80_10680, 28.2
CIW80_11570, 0.44
CIW80_00690, 8.85
CIW80_03570, 0.85
CIW80_17860, 2.4
CIW80_00695, 3.98
CIW80_16405, 0
CIW80_25470, 15.66
CIW80_24300, 3957.67
CIW80_18260, 30.5
CIW80_17420, 8.65
CIW80_04190, 0.33
CIW80_18000, 8.88
CIW80_24305, 8.08
CIW80_04195, 0.2
CIW80_18695, 54.74
CIW80_25250, 24.02
CIW80_22200, 105.57
CIW80_25255, 7.37
CIW80_18690, 66.3
CIW80_22205, 18.56
CIW80_22800, 32.55
CIW80_09485, 4.98
CIW80_21120, 0
CIW80_09480, 1.86
CIW80_07470, 345.8
CIW80_24120, 4.35
CIW80_06135, 4.86
CIW80_22350, 26.09
CIW80_24125, 72.36
CIW80_16275, 35.54
CIW80_06130, 4.91
CIW80_02120, 37.96
CIW80_23825, 11.7
CIW80_02690, 16.7
CIW80_21775, 315.72
CIW80_17885, 1.47
CIW80_02125, 63.25
CIW80_21770, 206.87
CIW80_02695, 32.96
CIW80_07475, 64.58
CIW80_03740, 0
CIW80_03745, 0
CIW80_15055, 55.2
CIW80_16350, 5.15
CIW80_09265, 152.1
CIW80_21575, 799.39
CIW80_16355, 4.63
CIW80_14205, 194.96
CIW80_04990, 445.42
CIW80_04995, 28.12
CIW80_15330, 1.65
CIW80_09260, 30.88
CIW80_18960, 4.48
CIW80_07085, 12.96
CIW80_19985, 19.61
CIW80_07080, 45.05
CIW80_07370, 18.28
CIW80_19980, 0.98
CIW80_17025, 95.72
CIW80_06680, 69.37
CIW80_24390, 1.85
CIW80_06685, 266.7
CIW80_06865, 102.94
CIW80_06860, 28.83
CIW80_02345, 4.08
CIW80_06040, 2.48
CIW80_02340, 0.94
CIW80_22490, 42.16
CIW80_06045, 7.85
CIW80_23950, 147.42
CIW80_07375, 24.88
CIW80_23955, 8.44
CIW80_23220, 40.47
CIW80_07535, 1.29
CIW80_24980, 373.84
CIW80_07530, 2.78
CIW80_15885, 8.22
CIW80_16775, 21.1
CIW80_09500, 0
CIW80_12275, 30.89
CIW80_09460, 2.3
CIW80_18515, 16.92
CIW80_12270, 4.73
CIW80_20815, 6.59
CIW80_06910, 31.65
CIW80_10685, 11.6
CIW80_06915, 87.42
CIW80_11405, 2.19
CIW80_05510, 112.65
CIW80_12500, 43.3
CIW80_13580, 19.65
CIW80_12505, 0
CIW80_24420, 3357.32
CIW80_12055, 1.34
CIW80_01245, 122.37
CIW80_01240, 4.35
CIW80_12050, 0
CIW80_09580, 1.64
CIW80_09465, 1.97
CIW80_06595, 0.67
CIW80_06265, 22.85
CIW80_12870, 55.53
CIW80_06590, 13.01
CIW80_12875, 8.39
CIW80_06260, 9.36
CIW80_24450, 31.21
CIW80_01485, 3.75
CIW80_01480, 0
CIW80_05515, 7.22
CIW80_20425, 16.19
CIW80_20955, 4.29
CIW80_08995, 54.1
CIW80_13455, 1.96
CIW80_19320, 0
CIW80_20420, 14.14
CIW80_13450, 0.22
CIW80_08990, 6.27
CIW80_07620, 28.62
CIW80_12185, 2.23
CIW80_21955, 37.91
CIW80_07625, 147.75
CIW80_21950, 164.48
CIW80_12180, 14.62
CIW80_20235, 188.82
CIW80_23015, 1.31
CIW80_17055, 39.4
CIW80_20950, 3.23
CIW80_15420, 22.2
CIW80_21790, 39.57
CIW80_15960, 2.92
CIW80_01800, 5375.74
CIW80_24825, 0
CIW80_05905, 0
CIW80_01805, 250.35
CIW80_18270, 89.27
CIW80_12570, 70.52
CIW80_18885, 4.58
CIW80_14135, 119.37
CIW80_14130, 218.61
CIW80_17625, 147.85
CIW80_01660, 6.8
CIW80_17620, 65.16
CIW80_01665, 5.11
CIW80_23485, 31.55
CIW80_06460, 27.76
CIW80_23035, 1005.87
CIW80_05900, 4.81
CIW80_06465, 26.12
CIW80_12475, 16.45
CIW80_19525, 0.8
CIW80_10830, 1.66
CIW80_12985, 17.26
CIW80_10835, 6.3
CIW80_12980, 57.02
CIW80_22575, 538.07
CIW80_06660, 1.09
CIW80_12965, 16.31
CIW80_15540, 6.1
CIW80_06665, 30.46
CIW80_20035, 1.45
CIW80_08930, 4.48
CIW80_18075, 14.05
CIW80_12690, 107.97
CIW80_12695, 47.92
CIW80_19680, 21.29
CIW80_13050, 34.3
CIW80_12470, 6.67
CIW80_13055, 7.6
CIW80_14505, 0.22
CIW80_13120, 125.41
CIW80_19185, 0.11
CIW80_15460, 5.28
CIW80_19180, 1.04
CIW80_13125, 80.79
CIW80_19685, 12.52
CIW80_10235, 19.4
CIW80_15545, 3.04
CIW80_22765, 36.92
CIW80_10230, 51.95
CIW80_13900, 95.03
CIW80_23780, 1.34
CIW80_14590, 45.45
CIW80_23785, 2.91
CIW80_13905, 14.84
CIW80_14595, 2.54
CIW80_17930, 27.29
CIW80_09075, 16.96
CIW80_17240, 8.22
CIW80_17935, 16.41
CIW80_17245, 1.64
CIW80_09070, 93.68
CIW80_01065, 5.13
CIW80_23140, 0.34
CIW80_01060, 127.68
CIW80_18485, 7.43
CIW80_19025, 0
CIW80_17705, 23.09
CIW80_14230, 34.34
CIW80_24715, 0.54
CIW80_14385, 8.63
CIW80_10905, 8.08
CIW80_08680, 2.02
CIW80_10900, 0
CIW80_17985, 22.84
CIW80_13635, 3.53
CIW80_13630, 129.49
CIW80_05810, 2.05
CIW80_05760, 1.76
CIW80_05815, 1.54
CIW80_08685, 9.98
CIW80_05765, 0.74
CIW80_23690, 1.55
CIW80_17980, 11.47
CIW80_18290, 0
CIW80_24710, 0.23
CIW80_21170, 6.31
CIW80_20340, 36.84
CIW80_14045, 0
CIW80_10340, 0
CIW80_14040, 0
CIW80_17230, 3.82
CIW80_10345, 215.49
CIW80_19800, 4.19
CIW80_22145, 47.43
CIW80_17975, 18.28
CIW80_22180, 4.2
CIW80_23495, 24.94
CIW80_09540, 8.6
CIW80_09100, 31.49
CIW80_13830, 6.75
CIW80_23490, 37.82
CIW80_09105, 61.42
CIW80_24890, 91.43
CIW80_01110, 19.71
CIW80_05365, 220.44
CIW80_22785, 48.42
CIW80_01115, 4.92
CIW80_22780, 110.3
CIW80_05360, 300.58
CIW80_09605, 55.03
CIW80_04505, 2.54
CIW80_09985, 33.26
CIW80_15665, 4.86
CIW80_15660, 9.44
CIW80_07885, 0.25
CIW80_05105, 92.56
CIW80_14380, 4.91
CIW80_25790, 2.04
CIW80_18160, 39.1
CIW80_05100, 2.16
CIW80_11960, 16.12
CIW80_04500, 3.2
CIW80_20315, 269.32
CIW80_17330, 114.64
CIW80_07435, 26.66
CIW80_11965, 26.37
CIW80_20310, 566.05
CIW80_00445, 0.6
CIW80_00195, 2.57
CIW80_05960, 771.55
CIW80_19205, 0
CIW80_00190, 0
CIW80_08185, 29.58
CIW80_11185, 2
CIW80_08180, 37.81
CIW80_11180, 4.81
CIW80_23695, 3.22
CIW80_25065, 1.1
CIW80_25060, 0.25
CIW80_19160, 9.16
CIW80_08215, 187.93
CIW80_04560, 0.5
CIW80_06930, 87.5
CIW80_08210, 75.92
CIW80_19165, 8.1
CIW80_04565, 10.5
CIW80_25660, 0.33
CIW80_05560, 15.14
CIW80_02975, 89.72
CIW80_05565, 7.01
CIW80_25665, 0.51
CIW80_02970, 200.99
CIW80_22690, 3.8
CIW80_23030, 26.17
CIW80_24510, 11.21
CIW80_23765, 95.86
CIW80_03530, 0.82
CIW80_08435, 160.51
CIW80_04740, 203.29
CIW80_04965, 211.59
CIW80_08430, 581.97
CIW80_03535, 2.54
CIW80_04960, 66.51
CIW80_04745, 116.37
CIW80_09925, 19.43
CIW80_00220, 3.11
CIW80_00995, 3.35
CIW80_05610, 1.81
CIW80_00225, 0.33
CIW80_09920, 1.78
CIW80_05615, 0.67
CIW80_00990, 3.64
CIW80_11360, 2.23
CIW80_20220, 49.55
CIW80_07150, 263.74
CIW80_20225, 41.29
CIW80_05465, 16.4
CIW80_10760, 0.34
CIW80_05580, 56.27
CIW80_10765, 1.48
CIW80_05585, 53.8
CIW80_20860, 0.83
CIW80_24945, 19.84
CIW80_09705, 313.14
CIW80_24930, 130.65
CIW80_21310, 5.41
CIW80_13525, 1225.71
CIW80_05460, 53.17
CIW80_10560, 27.76
CIW80_04690, 18.93
CIW80_07015, 10.17
CIW80_10565, 23.18
CIW80_08500, 38.27
CIW80_22365, 175.24
CIW80_21470, 7.14
CIW80_22185, 72.06
CIW80_22360, 83.35
CIW80_08505, 14.58
CIW80_24745, 85.22
CIW80_21350, 43.61
CIW80_03405, 27.96
CIW80_02800, 40.78
CIW80_03400, 34.4
CIW80_02805, 44.69
CIW80_09700, 134.29
CIW80_02200, 18.46
CIW80_25330, 11.05
CIW80_02750, 2.76
CIW80_02205, 26.4
CIW80_02755, 72.75
CIW80_16520, 497.84
CIW80_07985, 13.14
CIW80_03330, 166.41
CIW80_07010, 60.51
CIW80_07980, 11.46
CIW80_03335, 3.54
CIW80_03625, 0.76
CIW80_03450, 9.77
CIW80_03620, 1.63
CIW80_16215, 104.69
CIW80_21755, 518.75
CIW80_00535, 9.08
CIW80_16525, 38.14
CIW80_14855, 552.93
CIW80_00530, 56.75
CIW80_14850, 217.17
CIW80_16410, 112.62
CIW80_11565, 14.84
CIW80_12855, 19.46
CIW80_11560, 17.39
CIW80_03455, 32.85
CIW80_18015, 0
CIW80_14430, 0
CIW80_21400, 7.97
CIW80_08900, 0.81
CIW80_24605, 0.13
CIW80_21405, 5.25
CIW80_04180, 24.39
CIW80_09820, 60.15
CIW80_18680, 10.87
CIW80_04185, 1050.98
CIW80_18685, 23.74
CIW80_22210, 5.77
CIW80_14435, 2
CIW80_16695, 39.16
CIW80_25245, 57.13
CIW80_16440, 129.41
CIW80_25240, 74.23
CIW80_16690, 14
CIW80_07185, 34.42
CIW80_21615, 3812.55
CIW80_19885, 1320.77
CIW80_22815, 201.97
CIW80_24695, 1.76
CIW80_07180, 19.23
CIW80_22810, 13.91
CIW80_19880, 463.12
CIW80_21115, 26.03
CIW80_06125, 4.79
CIW80_06120, 8.57
CIW80_16075, 94.71
CIW80_09825, 182.35
CIW80_02115, 99.28
CIW80_25535, 1.29
CIW80_02110, 3.55
CIW80_03750, 2.08
CIW80_14910, 55.05
CIW80_16445, 292.99
CIW80_17120, 16.64
CIW80_03755, 1
CIW80_21610, 5265.92
CIW80_17455, 32.66
CIW80_20205, 93.35
CIW80_16325, 478.1
CIW80_19400, 54.31
CIW80_25030, 929.27
CIW80_21540, 148.09
CIW80_14915, 27.48
CIW80_11305, 7.87
CIW80_04980, 182.23
CIW80_16070, 34.74
CIW80_04985, 0
CIW80_20045, 32.24
CIW80_03390, 144.11
CIW80_10780, 30.86
CIW80_02595, 0.56
CIW80_19975, 3.77
CIW80_19305, 0.83
CIW80_24200, 35.81
CIW80_16415, 138.36
CIW80_24750, 2.01
CIW80_24205, 22.87
CIW80_24755, 31.03
CIW80_19590, 0
CIW80_06870, 307.57
CIW80_06695, 7.56
CIW80_10785, 5.84
CIW80_06690, 66.51
CIW80_06875, 198.64
CIW80_02370, 4.01
CIW80_09585, 2.26
CIW80_02375, 2.23
CIW80_03395, 23.08
CIW80_06050, 16.9
CIW80_15335, 24.22
CIW80_10335, 1.43
CIW80_06055, 16.44
CIW80_18955, 1.3
CIW80_24855, 0.74
CIW80_23965, 522.63
CIW80_07500, 10.92
CIW80_21895, 18.73
CIW80_02570, 14.29
CIW80_07505, 3.49
CIW80_23960, 46.67
CIW80_02575, 2.29
CIW80_21890, 70.78
CIW80_11125, 88.36
CIW80_18500, 26.92
CIW80_15210, 1.53
CIW80_12260, 44.04
CIW80_10995, 390.24
CIW80_16035, 698.89
CIW80_12265, 4.54
CIW80_19840, 9.13
CIW80_12850, 25.91
CIW80_06905, 33.09
CIW80_18010, 111.54
CIW80_14345, 77.85
CIW80_06900, 1.56
CIW80_12510, 103.26
CIW80_01270, 64.14
CIW80_12040, 116.1
CIW80_01900, 3.09
CIW80_01275, 39.89
CIW80_12515, 76.57
CIW80_01905, 1.74
CIW80_05995, 38.64
CIW80_06580, 15.19
CIW80_22965, 431.72
CIW80_22960, 214.96
CIW80_06585, 13.84
CIW80_12860, 20.48
CIW80_06275, 50.2
CIW80_19300, 0
CIW80_01470, 489.22
CIW80_06270, 92.06
CIW80_12865, 33.94
CIW80_01475, 1044.01
CIW80_23995, 901.6
CIW80_08485, 6.15
CIW80_20430, 92.97
CIW80_19260, 10.23
CIW80_20435, 81.41
CIW80_15890, 103.58
CIW80_08985, 0
CIW80_23365, 0
CIW80_08980, 0
CIW80_15895, 0
CIW80_22710, 3.91
CIW80_07615, 21.99
CIW80_12195, 0.94
CIW80_20940, 0
CIW80_12190, 1.05
CIW80_07610, 99.16
CIW80_18900, 11.26
CIW80_22060, 1.03
CIW80_09175, 1.09
CIW80_14410, 31.35
CIW80_12465, 17.43
CIW80_01875, 28.25
CIW80_12460, 45.82
CIW80_01870, 17.09
CIW80_12415, 45.57
CIW80_13330, 17.18
CIW80_14105, 13.64
CIW80_09170, 0.84
CIW80_10695, 11.2
CIW80_13485, 55.56
CIW80_17630, 13.2
CIW80_15945, 2.39
CIW80_13480, 1.21
CIW80_16880, 2.56
CIW80_17635, 19.87
CIW80_03980, 7.06
CIW80_01615, 172.65
CIW80_03985, 3.54
CIW80_25420, 0.18
CIW80_01610, 264.52
CIW80_23025, 2.91
CIW80_06475, 101.98
CIW80_23020, 1.46
CIW80_25350, 67.06
CIW80_06470, 7.27
CIW80_12410, 81.06
CIW80_12995, 27.43
CIW80_01585, 36.75
CIW80_10825, 0
CIW80_12990, 5.86
CIW80_10820, 0
CIW80_01580, 88.38
CIW80_06670, 45.27
CIW80_18215, 1.12
CIW80_06675, 23.65
CIW80_12680, 2.52
CIW80_04345, 0
CIW80_12685, 104.8
CIW80_13025, 20.41
CIW80_10050, 99.65
CIW80_13020, 2.48
CIW80_16235, 3.19
CIW80_12525, 6.21
CIW80_22495, 521.43
CIW80_24910, 90.86
CIW80_04340, 9.15
CIW80_13150, 0
CIW80_10225, 11.78
CIW80_10220, 128.45
CIW80_13935, 71.64
CIW80_21315, 3.95
CIW80_23795, 1.87
CIW80_13930, 51.82
CIW80_23790, 1.3
CIW80_11585, 33.36
CIW80_01050, 70.4
CIW80_01720, 81.76
CIW80_01055, 606.82
CIW80_11395, 4.74
CIW80_01725, 373.65
CIW80_23150, 72.07
CIW80_08940, 0
CIW80_23145, 2.45
CIW80_16225, 89.58
CIW80_10910, 42.59
CIW80_01290, 7.88
CIW80_25575, 12.98
CIW80_01295, 55.24
CIW80_10915, 12.17
CIW80_19465, 26.5
CIW80_14690, 403.04
CIW80_14695, 2.83
CIW80_04020, 1.44
CIW80_23235, 18.33
CIW80_08945, 0
CIW80_05770, 87.59
CIW80_16785, 2.87
CIW80_05805, 2.54
CIW80_21145, 14.41
CIW80_05775, 13.64
CIW80_05800, 3.41
CIW80_25445, 15.57
CIW80_14070, 6.15
CIW80_19085, 0.98
CIW80_14075, 5.47
CIW80_20855, 0.3
CIW80_19080, 0.33
CIW80_10350, 96.21
CIW80_04275, 4.2
CIW80_10660, 7.45
CIW80_20645, 7.4
CIW80_10355, 18.62
CIW80_09410, 45.66
CIW80_13800, 29.14
CIW80_23480, 13.25
CIW80_14670, 72.15
CIW80_10690, 4.97
CIW80_20575, 232.94
CIW80_14675, 30.83
CIW80_16780, 41.07
CIW80_09110, 40.38
CIW80_17810, 44.59
CIW80_07120, 72.57
CIW80_16885, 0.47
CIW80_09115, 34.31
CIW80_22775, 68.03
CIW80_17815, 35.17
CIW80_01125, 136.01
CIW80_05375, 78.29
CIW80_14845, 2.36
CIW80_05370, 321.41
CIW80_01120, 0
CIW80_15080, 0
CIW80_07125, 14.48
CIW80_22385, 2.32
CIW80_19790, 4.68
CIW80_15675, 76.61
CIW80_03960, 3.61
CIW80_15670, 9.17
CIW80_03965, 21.92
CIW80_05115, 2.45
CIW80_16625, 41.55
CIW80_05110, 13.45
CIW80_21480, 0
CIW80_23205, 23.13
CIW80_11955, 11.15
CIW80_20305, 94.17
CIW80_05970, 887.15
CIW80_20300, 6.91
CIW80_09790, 26.42
CIW80_19265, 0
CIW80_05975, 29.62
CIW80_00185, 0
CIW80_11170, 1.07
CIW80_00180, 13.28
CIW80_16620, 20.81
CIW80_11175, 2.24
CIW80_23200, 15.7
CIW80_16280, 10.32
CIW80_18070, 19.03
CIW80_03215, 0.46
CIW80_15175, 0
CIW80_08225, 55.23
CIW80_19550, 4.25
CIW80_19155, 23.48
CIW80_04515, 112.47
CIW80_04270, 394.06
CIW80_19150, 0
CIW80_23570, 0.59
CIW80_04510, 5.83
CIW80_25655, 0.99
CIW80_02965, 125.56
CIW80_22685, 2.69
CIW80_05575, 84.93
CIW80_02960, 134.05
CIW80_25650, 3.38
CIW80_05570, 27.15
CIW80_22680, 7.26
CIW80_23770, 76.52
CIW80_19555, 7.22
CIW80_09615, 23.48
CIW80_23775, 8.86
CIW80_03210, 0
CIW80_04225, 17.23
CIW80_04735, 26.45
CIW80_16100, 678.05
CIW80_14840, 3.47
CIW80_03500, 1.02
CIW80_04730, 7.71
CIW80_05600, 4.03
CIW80_00985, 5.78
CIW80_00235, 1.66
CIW80_00980, 3.48
CIW80_05605, 0.85
CIW80_00230, 1.42
CIW80_20230, 9.51
CIW80_18760, 71.08
CIW80_11315, 43.05
CIW80_18765, 173.27
CIW80_16105, 12.33
CIW80_11310, 67.34
CIW80_05590, 27.48
CIW80_10585, 171.14
CIW80_10775, 7.44
CIW80_21325, 20.27
CIW80_05595, 10.75
CIW80_10770, 0.48
CIW80_08085, 3.07
CIW80_11085, 166.61
CIW80_11545, 67.12
CIW80_08080, 5.86
CIW80_18565, 26.91
CIW80_11080, 212.82
CIW80_10570, 45.92
CIW80_20050, 38.03
CIW80_22355, 35.41
CIW80_10575, 46.2
CIW80_08535, 8.73
CIW80_03430, 120.77
CIW80_04420, 40.15
CIW80_04355, 266.45
CIW80_08530, 10.24
CIW80_04425, 6.57
CIW80_21175, 17.28
CIW80_02810, 107.31
CIW80_09845, 0
CIW80_19510, 5.4
CIW80_02815, 338.86
CIW80_09840, 13.91
CIW80_02740, 145.72
CIW80_07990, 60.01
CIW80_02215, 16.12
CIW80_02745, 2.96
CIW80_02210, 41.69
CIW80_07995, 28.65
CIW80_08715, 7.32
CIW80_03610, 4.01
CIW80_03345, 0
CIW80_04640, 32.09
CIW80_03615, 2.07
CIW80_08710, 1.16
CIW80_04645, 126.82
CIW80_03340, 0
CIW80_16200, 176.28
CIW80_00520, 13.56
CIW80_24295, 10.85
CIW80_18360, 72.36
CIW80_15240, 73.51
CIW80_00525, 5.7
CIW80_18950, 0.86
CIW80_03180, 0.69
CIW80_24690, 11.67
CIW80_11220, 476.58
CIW80_03185, 0
CIW80_11225, 512.42
CIW80_16190, 88.38
CIW80_20125, 9.51
CIW80_20120, 26.19
CIW80_24290, 18.43
CIW80_21435, 219.71
CIW80_24320, 16.33
CIW80_11790, 1.63
CIW80_21430, 0.93
CIW80_11795, 7.87
CIW80_24325, 0.56
CIW80_11020, 778.44
CIW80_15260, 243.56
CIW80_19285, 0
CIW80_22225, 18.39
CIW80_08400, 28.02
CIW80_08150, 4.43
CIW80_08405, 2.57
CIW80_22220, 8.54
CIW80_08155, 1.07
CIW80_06110, 3.17
CIW80_24100, 43.73
CIW80_25520, 0.46
CIW80_06115, 33.1
CIW80_15265, 22.94
CIW80_24105, 24.91
CIW80_19470, 100.95
CIW80_02100, 14.97
CIW80_23805, 0
CIW80_23800, 0
CIW80_02105, 19.01
CIW80_09610, 286.19
CIW80_18155, 33.71
CIW80_03765, 2.24
CIW80_21550, 60.26
CIW80_24350, 60.53
CIW80_03760, 2.36
CIW80_21555, 13.44
CIW80_19410, 248.22
CIW80_16335, 230.72
CIW80_16510, 35.96
CIW80_16330, 354.9
CIW80_18150, 114.82
CIW80_03295, 1.76
CIW80_18940, 0.85
CIW80_18945, 21.42
CIW80_03290, 1.41
CIW80_14760, 1155.2
CIW80_19960, 2.45
CIW80_00055, 0.51
CIW80_19965, 4.16
CIW80_02580, 0.55
CIW80_24740, 9.89
CIW80_18780, 64.03
CIW80_21865, 3.3
CIW80_17775, 148.86
CIW80_18785, 0
CIW80_24455, 6
CIW80_06805, 32.13
CIW80_12070, 302.25
CIW80_06800, 26.45
CIW80_09595, 2.55
CIW80_02365, 4.34
CIW80_09590, 0.63
CIW80_02360, 5.14
CIW80_06065, 41.67
CIW80_23970, 576.65
CIW80_11985, 55.25
CIW80_21505, 1.63
CIW80_06060, 12.03
CIW80_23975, 639.23
CIW80_02560, 25.08
CIW80_21885, 4.19
CIW80_07515, 3.06
CIW80_21880, 6.7
CIW80_03510, 63.01
CIW80_07510, 14.08
CIW80_17470, 1.81
CIW80_25450, 21.64
CIW80_11980, 24.43
CIW80_16020, 24.86
CIW80_25105, 13.69
CIW80_12215, 2.11
CIW80_17445, 31.53
CIW80_16025, 5.65
CIW80_12210, 16.63
CIW80_17805, 69.62
CIW80_25455, 11.94
CIW80_07190, 62.67
CIW80_04235, 1.07
CIW80_07195, 102.4
CIW80_01910, 1.21
CIW80_12035, 89.82
CIW80_01265, 64.42
CIW80_19315, 0
CIW80_01915, 10.24
CIW80_01260, 26.01
CIW80_12030, 27
CIW80_06240, 150.22
CIW80_22950, 4.21
CIW80_06245, 149.21
CIW80_24175, 14.53
CIW80_17800, 139.82
CIW80_01460, 451.69
CIW80_07595, 135.23
CIW80_01465, 321.98
CIW80_20445, 4.69
CIW80_20440, 62.31
CIW80_23375, 0
CIW80_07600, 41.88
CIW80_23370, 1.08
CIW80_07590, 91.75
CIW80_18660, 105.9
CIW80_07605, 13.42
CIW80_20680, 2.44
CIW80_18065, 21.92
CIW80_24170, 35.87
CIW80_20685, 117.87
CIW80_20930, 1.39
CIW80_07350, 8.52
CIW80_12450, 1.93
CIW80_21105, 2.44
CIW80_12320, 0.57
CIW80_12455, 0
CIW80_12325, 18.34
CIW80_01865, 99.03
CIW80_01860, 5.31
CIW80_07455, 100.5
CIW80_13320, 9.79
CIW80_13490, 18.07
CIW80_14115, 801.95
CIW80_13325, 9.84
CIW80_14110, 218.22
CIW80_13495, 6.15
CIW80_17310, 10.14
CIW80_17645, 23.31
CIW80_12140, 2.29
CIW80_17315, 1.29
CIW80_12145, 25.61
CIW80_17640, 395.63
CIW80_01605, 155.87
CIW80_06480, 77.26
CIW80_01600, 110.56
CIW80_06485, 35.62
CIW80_20130, 6.31
CIW80_17480, 2.57
CIW80_07450, 17.06
CIW80_17485, 1.84
CIW80_14325, 38.46
CIW80_25630, 1841.1
CIW80_01595, 57.77
CIW80_22515, 349.32
CIW80_01590, 4.22
CIW80_22510, 57.48
CIW80_06645, 17.1
CIW80_06640, 69.23
CIW80_09565, 219.12
CIW80_20840, 10.52
CIW80_20845, 1.95
CIW80_15860, 18.93
CIW80_20595, 17.39
CIW80_13035, 2.13
CIW80_15930, 13.35
CIW80_13030, 9.23
CIW80_20590, 46.45
CIW80_15935, 29.84
CIW80_07355, 32.17
CIW80_25550, 1.53
CIW80_10210, 16.64
CIW80_17440, 13.62
CIW80_10215, 53.68
CIW80_25795, 121
CIW80_15865, 42.12
CIW80_13920, 145.07
CIW80_11805, 0.2
CIW80_09560, 23.86
CIW80_09050, 2.41
CIW80_09055, 3.32
CIW80_16300, 17.44
CIW80_01730, 0
CIW80_19310, 1.51
CIW80_01045, 29.48
CIW80_01735, 25.82
CIW80_01040, 37.33
CIW80_16080, 8.22
CIW80_23160, 74.4
CIW80_01280, 86.44
CIW80_16305, 17.75
CIW80_10965, 311.16
CIW80_11800, 0.51
CIW80_01285, 32.96
CIW80_15220, 0.25
CIW80_10960, 33.12
CIW80_14685, 13.37
CIW80_14680, 46.53
CIW80_11745, 597.66
CIW80_13570, 40.22
CIW80_05745, 0.86
CIW80_05295, 1.34
CIW80_21155, 0
CIW80_05740, 0.27
CIW80_21150, 216.77
CIW80_05290, 10.37
CIW80_11740, 302.85
CIW80_14065, 3.23
CIW80_19090, 0
CIW80_11430, 95.2
CIW80_14060, 36.52
CIW80_10365, 181.15
CIW80_15795, 2.42
CIW80_22165, 18.89
CIW80_22980, 2036.42
CIW80_10360, 313.6
CIW80_22160, 43.03
CIW80_15790, 2.47
CIW80_14660, 10.93
CIW80_13815, 23.57
CIW80_14665, 115.97
CIW80_13810, 13.06
CIW80_19420, 12.59
CIW80_09125, 7.07
CIW80_05340, 492.68
CIW80_01130, 18.97
CIW80_05345, 461.43
CIW80_09120, 80.21
CIW80_01135, 1860.77
CIW80_17070, 14.11
CIW80_11435, 94.28
CIW80_10165, 37
CIW80_15640, 0.53
CIW80_23065, 8.29
CIW80_15645, 117.71
CIW80_03970, 4.16
CIW80_21860, 31.36
CIW80_03975, 7.07
CIW80_00440, 2.18
CIW80_19695, 0
CIW80_20330, 62.43
CIW80_11940, 15.25
CIW80_11765, 5.29
CIW80_20335, 54.49
CIW80_11760, 121.46
CIW80_11945, 1.06
CIW80_10140, 102.46
CIW80_00425, 11.72
CIW80_10160, 27.26
CIW80_10145, 133.43
CIW80_00420, 29.82
CIW80_11160, 3.24
CIW80_15560, 77.34
CIW80_13200, 5.83
CIW80_11165, 2.18
CIW80_25290, 68.08
CIW80_13975, 3.75
CIW80_24185, 32.84
CIW80_21085, 1.58
CIW80_19140, 3.75
CIW80_08235, 757.72
CIW80_21080, 0.92
CIW80_14525, 2.14
CIW80_08230, 126.13
CIW80_19145, 3.64
CIW80_02950, 43.83
CIW80_25640, 13.16
CIW80_18410, 68.36
CIW80_02955, 99.11
CIW80_18105, 346.52
CIW80_18415, 1.99
CIW80_15565, 25.2
CIW80_16895, 0.58
CIW80_22695, 2.53
CIW80_16250, 0.16
CIW80_10510, 115.68
CIW80_16085, 664.43
CIW80_23745, 59.38
CIW80_23740, 12.85
CIW80_04725, 12.22
CIW80_09945, 6.19
CIW80_16830, 0.43
CIW80_04720, 22.34
CIW80_16835, 0
CIW80_09940, 334.15
CIW80_05635, 65.26
CIW80_05630, 71.74
CIW80_18590, 171.87
CIW80_15100, 17.08
CIW80_08040, 6.57
CIW80_00730, 92.76
CIW80_11300, 14.56
CIW80_20200, 36.37
CIW80_00735, 45.89
CIW80_08660, 1.3
CIW80_00085, 6.64
CIW80_23500, 37.13
CIW80_08090, 6.08
CIW80_21335, 0
CIW80_18530, 6.23
CIW80_00080, 12.81
CIW80_21330, 0
CIW80_08095, 43.94
CIW80_18570, 0.54
CIW80_11095, 215.79
CIW80_25415, 174.58
CIW80_11090, 97.7
CIW80_18575, 74.68
CIW80_14485, 924.77
CIW80_10545, 44.85
CIW80_08665, 3.87
CIW80_08520, 24.85
CIW80_22345, 90.74
CIW80_10540, 33.94
CIW80_22340, 240.56
CIW80_08525, 14.63
CIW80_04430, 11.5
CIW80_21265, 0.86
CIW80_03425, 21.94
CIW80_04435, 9.84
CIW80_03420, 29.66
CIW80_23560, 0.67
CIW80_02825, 163.29
CIW80_05120, 72.54
CIW80_05125, 154.23
CIW80_02820, 61.33
CIW80_17050, 6.61
CIW80_02775, 76.06
CIW80_25355, 19.08
CIW80_08700, 12.8
CIW80_16420, 5.96
CIW80_02770, 106.69
CIW80_08705, 0
CIW80_04650, 57.13
CIW80_03355, 9.91
CIW80_03605, 36.72
CIW80_03350, 9.61
CIW80_04655, 2.17
CIW80_03600, 18.36
CIW80_00885, 15.7
CIW80_14870, 74.14
CIW80_00555, 4.81
CIW80_14875, 91.78
CIW80_00880, 7.48
CIW80_00550, 0
CIW80_11230, 151.71
CIW80_08935, 0
CIW80_03195, 3.46
CIW80_20115, 6.57
CIW80_11235, 226.22
CIW80_03190, 37.29
CIW80_20345, 27.67
CIW80_16290, 7.97
CIW80_00040, 15.98
CIW80_11780, 134.12
CIW80_24355, 6.82
CIW80_11785, 165.41
CIW80_17350, 2.75
CIW80_18115, 14.13
CIW80_22230, 8.55
CIW80_07850, 3.96
CIW80_07855, 5.67
CIW80_22235, 8.12
CIW80_08140, 13.34
CIW80_00045, 39.38
CIW80_04230, 31.7
CIW80_08415, 0.73
CIW80_24595, 3.54
CIW80_08145, 2.28
CIW80_08410, 2.62
CIW80_03515, 15.39
CIW80_09600, 40.91
CIW80_22670, 29.66
CIW80_06105, 2.88
CIW80_06100, 1.45
CIW80_18085, 2.15
CIW80_02175, 7.22
CIW80_22410, 14.26
CIW80_19450, 1.5
CIW80_02170, 112.25
CIW80_03770, 9.37
CIW80_10955, 40.54
CIW80_03775, 1.72
CIW80_07290, 3.29
CIW80_21525, 37.43
CIW80_16650, 23.97
CIW80_07295, 4.38
CIW80_00160, 0.94
CIW80_16655, 174.89
CIW80_21520, 25.43
CIW80_19425, 1.34
CIW80_03280, 2.12
CIW80_23760, 31.51
CIW80_10950, 89.59
CIW80_15105, 0.54
CIW80_03285, 1.89
CIW80_20065, 6.13
CIW80_00950, 76.77
CIW80_20060, 1.69
CIW80_00955, 51.41
CIW80_19955, 2.91
CIW80_09720, 116.76
CIW80_19950, 2.1
CIW80_18790, 0
CIW80_04350, 0.72
CIW80_00165, 1.37
CIW80_18795, 0
CIW80_16295, 24.18
CIW80_09665, 63.51
CIW80_06815, 0.49
CIW80_22390, 13.11
CIW80_02390, 2.07
CIW80_06810, 57.68
CIW80_09725, 61.43
CIW80_02395, 2.23
CIW80_23165, 42.4
CIW80_06070, 13.66
CIW80_24000, 1459.47
CIW80_24005, 358.44
CIW80_06075, 37.32
CIW80_07075, 24.73
CIW80_23905, 50.45
CIW80_02000, 491.66
CIW80_02005, 1.76
CIW80_23900, 0
CIW80_02555, 7.33
CIW80_11490, 8.34
CIW80_02550, 26.61
CIW80_04215, 9.75
CIW80_09280, 0.89
CIW80_21630, 1.03
CIW80_03240, 20.14
CIW80_21635, 1671.73
CIW80_10180, 22.31
CIW80_12205, 397.2
CIW80_12200, 106
CIW80_16010, 977.19
CIW80_07070, 65.51
CIW80_25080, 9.65
CIW80_13275, 3.01
CIW80_02485, 3.77
CIW80_14890, 45.71
CIW80_20110, 21.6
CIW80_16505, 85.17
CIW80_14895, 2.73
CIW80_02480, 5.63
CIW80_01925, 32.74
CIW80_12025, 6.01
CIW80_17005, 104.45
CIW80_12020, 18.07
CIW80_01920, 47.13
CIW80_16155, 17.07
CIW80_16870, 0.33
CIW80_12840, 5.39
CIW80_06255, 107.81
CIW80_06250, 77.83
CIW80_12845, 10.77
CIW80_01455, 6.76
CIW80_21490, 9.28
CIW80_01450, 57.17
CIW80_16150, 9.33
CIW80_16500, 356.17
CIW80_20450, 0
CIW80_14415, 34.71
CIW80_16890, 5.3
CIW80_21985, 2.32
CIW80_16460, 18.25
CIW80_07675, 136.9
CIW80_21980, 9.23
CIW80_07670, 22.39
CIW80_20925, 1.52
CIW80_20695, 1.77
CIW80_20920, 3.07
CIW80_18265, 95.48
CIW80_08910, 6.61
CIW80_01850, 9.52
CIW80_19360, 7.69
CIW80_12445, 14.02
CIW80_01855, 3.46
CIW80_12335, 49.72
CIW80_12440, 2.63
CIW80_13370, 34.22
CIW80_20820, 2.16
CIW80_16465, 345.3
CIW80_13315, 2.82
CIW80_13310, 2.49
CIW80_12150, 3.12
CIW80_01630, 38.06
CIW80_11365, 33.31
CIW80_01635, 5.56
CIW80_12155, 0
CIW80_17300, 2.96
CIW80_06490, 17.83
CIW80_15505, 125.73
CIW80_23005, 1.37
CIW80_06495, 94.24
CIW80_23000, 1.84
CIW80_18755, 15.46
CIW80_15575, 2.65
CIW80_17495, 0
CIW80_18665, 177.15
CIW80_17490, 1.16
CIW80_15600, 0.51
CIW80_13790, 40.6
CIW80_06650, 47.88
CIW80_15310, 2.11
CIW80_13795, 31.3
CIW80_06655, 16.37
CIW80_18750, 87.08
CIW80_19565, 67.57
CIW80_07700, 530.97
CIW80_07705, 67.16
CIW80_20850, 0.88
CIW80_13000, 13.32
CIW80_11495, 28.72
CIW80_13550, 608.97
CIW80_13005, 21.62
CIW80_15315, 32.24
CIW80_13555, 116.51
CIW80_15235, 17.99
CIW80_09285, 1.63
CIW80_20670, 9.52
CIW80_12530, 0.93
CIW80_21850, 38.68
CIW80_15925, 36.46
CIW80_21855, 10.84
CIW80_12535, 0.59
CIW80_23340, 65.81
CIW80_10205, 46.47
CIW80_25270, 8.73
CIW80_10200, 15.83
CIW80_20385, 24.36
CIW80_15230, 7.59
CIW80_13955, 2.39
CIW80_13770, 189.79
CIW80_25645, 1.58
CIW80_13775, 172.22
CIW80_13950, 94.28
CIW80_17270, 0.8
CIW80_09045, 1.65
CIW80_09040, 3.93
CIW80_17275, 2.11
CIW80_01705, 0
CIW80_24425, 0.47
CIW80_23170, 0
CIW80_01700, 0.06
CIW80_23175, 6.56
CIW80_10255, 21.07
CIW80_17780, 29.98
CIW80_24075, 373.97
CIW80_24935, 129.31
CIW80_17785, 12.67
CIW80_22430, 0
CIW80_10975, 24.03
CIW80_10970, 0.93
CIW80_22435, 6.91
CIW80_17475, 2.39
CIW80_24070, 243.14
CIW80_04695, 514.93
CIW80_22740, 19.58
CIW80_19200, 0
CIW80_05285, 7.46
CIW80_14090, 2.63
CIW80_05280, 270.94
CIW80_22630, 53.48
CIW80_14095, 2.73
CIW80_17400, 50.94
CIW80_19365, 0
CIW80_08135, 7.68
CIW80_10370, 101.01
CIW80_16220, 385.91
CIW80_10375, 6.8
CIW80_17605, 42.25
CIW80_15785, 2.99
CIW80_14300, 39.87
CIW80_15780, 1.61
CIW80_15085, 17.52
CIW80_14305, 73.43
CIW80_09155, 2.07
CIW80_14655, 476.33
CIW80_17405, 4.97
CIW80_09130, 29.67
CIW80_15255, 2.98
CIW80_14650, 403.36
CIW80_09135, 4.38
CIW80_22755, 52.14
CIW80_17875, 13.98
CIW80_01145, 9.01
CIW80_05355, 188.14
CIW80_17870, 11.35
CIW80_17155, 4.14
CIW80_05350, 409.05
CIW80_01140, 2.6
CIW80_09150, 14.41
CIW80_19780, 0.4
CIW80_20745, 0
CIW80_12385, 122.34
CIW80_15655, 7.91
CIW80_18330, 2002.69
CIW80_15650, 14.84
CIW80_03945, 218.12
CIW80_13170, 4.94
CIW80_14785, 26.64
CIW80_13175, 4.22
CIW80_03940, 2.52
CIW80_14780, 7.58
CIW80_11935, 348.13
CIW80_20325, 1767.95
CIW80_25475, 5.14
CIW80_20320, 198.83
CIW80_11930, 65.15
CIW80_15875, 2.81
CIW80_05915, 2.19
CIW80_10155, 61.92
CIW80_05910, 1.21
CIW80_17915, 9.36
CIW80_10150, 130.72
CIW80_11155, 3.13
CIW80_11150, 2.47
CIW80_04365, 1.15
CIW80_16285, 7.52
CIW80_20600, 50.12
CIW80_24195, 11.24
CIW80_23590, 2.41
CIW80_04530, 191.67
CIW80_19135, 8.19
CIW80_24775, 12.55
CIW80_04535, 161.63
CIW80_23595, 28.96
CIW80_19130, 0.48
CIW80_18400, 32.4
CIW80_04360, 42.06
CIW80_25635, 230.84
CIW80_02945, 104.46
CIW80_18405, 5.85
CIW80_02940, 97.07
CIW80_22040, 171.45
CIW80_16770, 5.18
CIW80_23750, 5.39
CIW80_23755, 0
CIW80_17175, 0.5
CIW80_16180, 163.8
CIW80_05750, 0.78
CIW80_05755, 1.29
CIW80_16820, 3.49
CIW80_09955, 5.33
CIW80_05620, 0.8
CIW80_09395, 1.06
CIW80_09950, 166.65
CIW80_16825, 2.13
CIW80_16530, 110.17
CIW80_05625, 0.72
CIW80_04080, 1.03
CIW80_20210, 302.92
CIW80_11840, 23.84
CIW80_04085, 2.9
CIW80_11775, 105.02
CIW80_17695, 59.38
CIW80_00720, 0
CIW80_00090, 37.02
CIW80_00725, 0.93
CIW80_00095, 8.34
CIW80_07325, 48.63
CIW80_24900, 5.91
CIW80_24905, 2.63
CIW80_16430, 26.14
CIW80_25180, 28.58
CIW80_10550, 13.73
CIW80_09535, 650.17
CIW80_25185, 5.69
CIW80_18540, 13.9
CIW80_10555, 28.69
CIW80_21185, 56.49
CIW80_23345, 82.05
CIW80_08555, 74.7
CIW80_19040, 0
CIW80_21180, 23.25
CIW80_19045, 0
CIW80_08550, 29
CIW80_04405, 15.49
CIW80_08720, 0
CIW80_02830, 612.66
CIW80_10920, 51.61
CIW80_04400, 1.76
CIW80_25745, 141.39
CIW80_02835, 0.38
CIW80_08390, 11.21
CIW80_05135, 192.75
CIW80_08395, 5.82
CIW80_05130, 47.3
CIW80_19785, 0.42
CIW80_03360, 0
CIW80_08775, 0.17
CIW80_03365, 6.81
CIW80_24845, 3.24
CIW80_08770, 0.83
CIW80_04665, 23.1
CIW80_00890, 681.54
CIW80_25160, 139.82
CIW80_04660, 29.53
CIW80_14390, 8.13
CIW80_00895, 631.14
CIW80_00545, 66.59
CIW80_03160, 3.28
CIW80_00540, 0
CIW80_03165, 12.1
CIW80_04395, 4
CIW80_24785, 11.26
CIW80_18895, 0.79
CIW80_20105, 10.03
CIW80_04390, 1.87
CIW80_20100, 11.18
CIW80_18890, 34.05
CIW80_19635, 86.84
CIW80_25540, 1.63
CIW80_21455, 21.6
CIW80_21450, 3.45
CIW80_22975, 829.95
CIW80_09430, 2.6
CIW80_24340, 13.8
CIW80_07840, 15.25
CIW80_07570, 1.93
CIW80_22245, 4.02
CIW80_04910, 11.36
CIW80_07845, 17.83
CIW80_22995, 2.52
CIW80_22240, 12.2
CIW80_08175, 59.62
CIW80_04710, 51.3
CIW80_03565, 0.15
CIW80_24585, 6.26
CIW80_04715, 5.66
CIW80_08170, 21.6
CIW80_24580, 6.26
CIW80_03560, 58.46
CIW80_00140, 10.33
CIW80_14220, 58.84
CIW80_21825, 385.57
CIW80_24160, 3.2
CIW80_03235, 37.34
CIW80_04210, 0
CIW80_02165, 8.86
CIW80_08600, 66.56
CIW80_02160, 67.22
CIW80_08605, 2.67
CIW80_07575, 1.16
CIW80_03705, 12.72
CIW80_00415, 11.52
CIW80_25035, 434.92
CIW80_20690, 2.02
CIW80_03700, 1.34
CIW80_16640, 0.85
CIW80_21295, 33.71
CIW80_19430, 1.34
CIW80_07285, 4.32
CIW80_21530, 5.75
CIW80_16645, 106.32
CIW80_07280, 7.28
CIW80_00145, 25.75
CIW80_12330, 98.29
CIW80_11445, 13.56
CIW80_19585, 0
CIW80_18520, 6.35
CIW80_00410, 16.19
CIW80_11440, 121.24
CIW80_00940, 15.91
CIW80_19940, 0
CIW80_24215, 56.96
CIW80_00945, 28.25
CIW80_19945, 0
CIW80_17595, 14.64
CIW80_24760, 155.56
CIW80_16385, 1.2
CIW80_10030, 14
CIW80_25360, 29.85
CIW80_02760, 3.49
CIW80_19570, 1.03
CIW80_25365, 19.58
CIW80_15045, 34.18
CIW80_02765, 38.35
CIW80_02380, 0.94
CIW80_24685, 0.77
CIW80_02385, 1.64
CIW80_16595, 32.33
CIW80_24010, 253.11
CIW80_10035, 47.91
CIW80_06005, 336.35
CIW80_20135, 47.54
CIW80_06000, 43.02
CIW80_02010, 6.18
CIW80_23915, 2.88
CIW80_02540, 32.71
CIW80_15500, 119.24
CIW80_23910, 1667.37
CIW80_02015, 3.92
CIW80_02545, 18.82
CIW80_16090, 428.2
CIW80_16590, 9.01
CIW80_15455, 6.07
CIW80_03010, 4.19
CIW80_03015, 1.43
CIW80_24680, 0.28
CIW80_21620, 7148.5
CIW80_12230, 8.72
CIW80_16000, 16.12
CIW80_12235, 0.72
CIW80_21625, 1.28
CIW80_16005, 48.43
CIW80_03380, 61.87
CIW80_04865, 15.08
CIW80_11285, 23.01
CIW80_21050, 1768.15
CIW80_14880, 17.21
CIW80_02495, 34.49
CIW80_02490, 8.64
CIW80_08595, 0
CIW80_15125, 0.1
CIW80_14475, 291.48
CIW80_18135, 59.74
CIW80_12780, 9.16
CIW80_01440, 435.15
CIW80_09675, 1.97
CIW80_01445, 100.42
CIW80_20460, 24.4
CIW80_06710, 6.09
CIW80_20465, 6.91
CIW80_06715, 13.79
CIW80_14225, 21.15
CIW80_21990, 36.66
CIW80_23355, 0.25
CIW80_14515, 5.16
CIW80_09765, 10.17
CIW80_14470, 81.63
CIW80_07665, 16.97
CIW80_20660, 36.02
CIW80_07660, 59.08
CIW80_20665, 6.37
CIW80_20040, 160.54
CIW80_15285, 0.72
CIW80_12650, 6.64
CIW80_12305, 17.6
CIW80_01845, 6.62
CIW80_14545, 476.09
CIW80_12300, 35.85
CIW80_01840, 48.27
CIW80_17655, 8.89
CIW80_06820, 13136.03
CIW80_06395, 43.09
CIW80_06825, 51.5
CIW80_06390, 139.61
CIW80_17660, 1.58
CIW80_17170, 0
CIW80_17305, 21.18
CIW80_17665, 483.3
CIW80_12165, 3.37
CIW80_17650, 19.69
CIW80_01625, 1.33
CIW80_12160, 0
CIW80_01620, 108.74
CIW80_17125, 8.25
CIW80_25530, 2.41
CIW80_12940, 2.41
CIW80_12945, 108.5
CIW80_12495, 58.16
CIW80_22530, 2033.61
CIW80_22535, 61.42
CIW80_12490, 81.26
CIW80_17925, 45.82
CIW80_17715, 802.01
CIW80_06625, 5
CIW80_13785, 44.14
CIW80_11480, 0.38
CIW80_22645, 113.54
CIW80_13780, 27.63
CIW80_06620, 0.77
CIW80_07710, 26.05
CIW80_19295, 0
CIW80_19230, 18.49
CIW80_07715, 12.28
CIW80_22215, 6.58
CIW80_13540, 265.15
CIW80_13015, 5.6
CIW80_13545, 414.03
CIW80_13010, 3.86
CIW80_15915, 10.66
CIW80_12010, 52.84
CIW80_01930, 4.37
CIW80_12015, 86.21
CIW80_15910, 27.88
CIW80_01935, 13.63
CIW80_10895, 0
CIW80_18340, 4.33
CIW80_11280, 18.97
CIW80_10890, 69.65
CIW80_13760, 103.12
CIW80_13945, 32.9
CIW80_13940, 54.28
CIW80_13765, 448.72
CIW80_21655, 3.75
CIW80_01710, 87.09
CIW80_18345, 4624.02
CIW80_01715, 450.47
CIW80_23105, 12.3
CIW80_23100, 2.3
CIW80_10940, 18.47
CIW80_09670, 2.37
CIW80_10945, 537.37
CIW80_18090, 11.87
CIW80_22405, 10.81
CIW80_06555, 5.52
CIW80_06530, 6.59
CIW80_22400, 43.48
CIW80_06535, 0.91
CIW80_24115, 44.38
CIW80_25205, 2.54
CIW80_17045, 63.15
CIW80_19575, 0
CIW80_09775, 40.41
CIW80_17920, 17.41
CIW80_13300, 22.82
CIW80_20480, 14.69
CIW80_11485, 5.07
CIW80_13305, 16.73
CIW80_14080, 0.78
CIW80_21320, 28.38
CIW80_07025, 4.95
CIW80_09295, 1.5
CIW80_14085, 2.96
CIW80_17035, 23.53
CIW80_22505, 109.55
CIW80_09770, 27.55
CIW80_10305, 60.26
CIW80_21420, 67.02
CIW80_08890, 2.2
CIW80_10300, 47.41
CIW80_14310, 117.45
CIW80_14640, 9459.65
CIW80_07020, 75.31
CIW80_10085, 0.3
CIW80_17840, 14.99
CIW80_09145, 15.02
CIW80_17510, 8.81
CIW80_17845, 43.63
CIW80_17515, 4.76
CIW80_09140, 6.08
CIW80_01155, 10.47
CIW80_23610, 7.92
CIW80_01150, 2.26
CIW80_23615, 12.16
CIW80_09380, 93.34
CIW80_08895, 11.55
CIW80_09385, 217.65
CIW80_17685, 28.02
CIW80_03950, 50.34
CIW80_16065, 95.84
CIW80_03955, 39.7
CIW80_14795, 10.67
CIW80_13165, 3.8
CIW80_14790, 6.8
CIW80_13160, 79.95
CIW80_07430, 57.43
CIW80_05920, 1.19
CIW80_05430, 39.01
CIW80_05925, 10.5
CIW80_05435, 73.78
CIW80_00660, 10.69
CIW80_05385, 21.39
CIW80_11140, 0.87
CIW80_05380, 0.8
CIW80_11145, 2.49
CIW80_16195, 204.15
CIW80_15410, 63.85
CIW80_10410, 14.89
CIW80_19375, 1.36
CIW80_09545, 6.83
CIW80_10415, 45.69
CIW80_15685, 3.32
CIW80_11685, 0.36
CIW80_15680, 111.59
CIW80_19125, 0
CIW80_04525, 2.53
CIW80_19120, 0.56
CIW80_04520, 3.8
CIW80_24655, 1.14
CIW80_17770, 0.72
CIW80_25625, 114.71
CIW80_15010, 4.65
CIW80_23060, 8.18
CIW80_21945, 10.91
CIW80_18430, 231.74
CIW80_16735, 0
CIW80_23725, 1.57
CIW80_16040, 81.31
CIW80_14500, 0.54
CIW80_23720, 0
CIW80_09095, 10.85
CIW80_05725, 0.61
CIW80_09090, 129.38
CIW80_05720, 0.33
CIW80_16815, 7.09
CIW80_21545, 178.92
CIW80_05655, 155.47
CIW80_23575, 4.45
CIW80_14955, 9.33
CIW80_16810, 36.86
CIW80_05650, 0
CIW80_11850, 128.52
CIW80_20265, 650.81
CIW80_04095, 0.46
CIW80_11855, 3.12
CIW80_04090, 1.78
CIW80_20260, 720.53
CIW80_00715, 30.11
CIW80_15920, 1.03
CIW80_15355, 319.71
CIW80_00710, 32.79
CIW80_15350, 52.73
CIW80_20865, 2.96
CIW80_18550, 6.82
CIW80_11725, 516.39
CIW80_17010, 0.56
CIW80_18555, 17.84
CIW80_21425, 1.87
CIW80_10525, 8.29
CIW80_25195, 51.19
CIW80_19405, 127.3
CIW80_17140, 0
CIW80_10520, 56.72
CIW80_19050, 149.64
CIW80_08545, 1197.08
CIW80_04410, 31.96
CIW80_16320, 2.21
CIW80_08540, 2.52
CIW80_19055, 11.85
CIW80_04415, 9.32
CIW80_09895, 4.53
CIW80_00390, 22.52
CIW80_02845, 45.13
CIW80_00460, 0.4
CIW80_00395, 0
CIW80_09890, 2.26
CIW80_02840, 82.69
CIW80_08385, 31.39
CIW80_08380, 26.92
CIW80_08765, 4.4
CIW80_04670, 15.05
CIW80_04895, 2.91
CIW80_08760, 62.12
CIW80_00465, 1.03
CIW80_04890, 1.94
CIW80_04675, 0
CIW80_25170, 647.35
CIW80_00570, 6.34
CIW80_16255, 2.96
CIW80_00575, 11.97
CIW80_25175, 23.34
CIW80_18200, 81.02
CIW80_11415, 0.43
CIW80_03170, 0
CIW80_10105, 30.37
CIW80_04380, 0.93
CIW80_14375, 2.19
CIW80_03175, 0.17
CIW80_04385, 1.2
CIW80_16490, 0.21
CIW80_25340, 12.59
CIW80_00370, 29.06
CIW80_16495, 126.17
CIW80_00375, 312.78
CIW80_21445, 57.45
CIW80_24800, 381.41
CIW80_21440, 9.32
CIW80_14370, 13.9
CIW80_24805, 603.37
CIW80_02590, 7.5
CIW80_24960, 2.58
CIW80_19370, 0
CIW80_10630, 8523.03
CIW80_10635, 213.9
CIW80_10100, 104.77
CIW80_07875, 0.35
CIW80_22255, 23.23
CIW80_08160, 2.03
CIW80_19970, 72.67
CIW80_22250, 2.75
CIW80_07870, 0.68
CIW80_24575, 6.2
CIW80_08165, 0.8
CIW80_04255, 1.04
CIW80_04705, 2.55
CIW80_04250, 0.67
CIW80_14275, 37.34
CIW80_04700, 6.67
CIW80_07155, 134.79
CIW80_02150, 62.65
CIW80_02620, 60.97
CIW80_02155, 371.06
CIW80_02625, 24.43
CIW80_08570, 12.7
CIW80_08610, 7.21
CIW80_21500, 2.13
CIW80_19795, 1.41
CIW80_08615, 27.36
CIW80_24395, 0.52
CIW80_03715, 102.3
CIW80_07270, 4.44
CIW80_03710, 58.95
CIW80_07275, 7.92
CIW80_16675, 104.24
CIW80_10530, 0
CIW80_19445, 2.91
CIW80_14270, 58.73
CIW80_19895, 77.58
CIW80_16670, 148.62
CIW80_19440, 20.63
CIW80_11455, 70.09
CIW80_20005, 126.94
CIW80_11450, 139
CIW80_18100, 0
CIW80_20000, 33.32
CIW80_00975, 5.98
CIW80_15905, 27.27
CIW80_19935, 0.43
CIW80_19625, 12.23
CIW80_00970, 3.75
CIW80_19930, 0
CIW80_15195, 0.45
CIW80_18465, 0
CIW80_14555, 3.81
CIW80_02715, 178.78
CIW80_17425, 7.44
CIW80_17145, 0.18
CIW80_09880, 34.2
CIW80_25370, 8.38
CIW80_02710, 0
CIW80_16920, 0.37
CIW80_24025, 293.22
CIW80_06015, 30.85
CIW80_23295, 0.54
CIW80_06010, 536.33
CIW80_24020, 206.96
CIW80_23290, 9.98
CIW80_02025, 1237.01
CIW80_09980, 53.2
CIW80_02535, 4.77
CIW80_08855, 0.54
CIW80_02020, 5
CIW80_02530, 7.58
CIW80_03000, 6.97
CIW80_09885, 6.39
CIW80_03005, 29.35
CIW80_21065, 24.99
CIW80_07385, 18
CIW80_12225, 10.94
CIW80_08850, 0
CIW80_12220, 3.99
CIW80_07380, 10.31
CIW80_04870, 14.94
CIW80_20710, 14.19
CIW80_04875, 0
CIW80_20715, 2.25
CIW80_08370, 111.27
CIW80_18120, 80.48
CIW80_19595, 2.69
CIW80_24150, 319.56
CIW80_24620, 0
CIW80_24155, 60.66
CIW80_08915, 2.14
CIW80_24625, 31.85
CIW80_16230, 1
CIW80_08375, 59.87
CIW80_23980, 750.27
CIW80_12825, 3.91
CIW80_01435, 5.89
CIW80_12795, 987.95
CIW80_12820, 5.17
CIW80_12790, 3.04
CIW80_01430, 18.36
CIW80_06700, 4.67
CIW80_14550, 0
CIW80_20475, 1.88
CIW80_06705, 40.24
CIW80_20470, 5.36
CIW80_11910, 17.06
CIW80_24220, 1.8
CIW80_07650, 18.15
CIW80_02440, 69.59
CIW80_07655, 959.93
CIW80_00065, 0.99
CIW80_02445, 245.8
CIW80_15120, 0
CIW80_20905, 10.56
CIW80_20675, 13.03
CIW80_20900, 1.04
CIW80_12310, 6.01
CIW80_07490, 72.41
CIW80_07110, 88.53
CIW80_07495, 13.01
CIW80_12315, 168.84
CIW80_20545, 187.68
CIW80_10640, 33.02
CIW80_25680, 45.53
CIW80_06385, 31.79
CIW80_09640, 120.04
CIW80_06835, 14.58
CIW80_06380, 2.81
CIW80_06830, 13.37
CIW80_24815, 26.43
CIW80_01380, 2.03
CIW80_12170, 0.76
CIW80_17675, 36
CIW80_01385, 920.07
CIW80_20540, 0
CIW80_17670, 703.73
CIW80_12175, 7.37
CIW80_07115, 16.53
CIW80_08450, 104.94
CIW80_12950, 127.79
CIW80_12480, 5.53
CIW80_01540, 6.68
CIW80_12955, 40.41
CIW80_01545, 4.5
CIW80_12485, 153.54
CIW80_01895, 3.33
CIW80_22525, 125.02
CIW80_01890, 48.84
CIW80_22520, 4.85
CIW80_06635, 18.88
CIW80_07050, 15.84
CIW80_06630, 25.19
CIW80_07725, 130.25
CIW80_20870, 6.59
CIW80_08455, 13.82
CIW80_07720, 22.2
CIW80_20875, 13.72
CIW80_13575, 107.98
CIW80_15900, 265.8
CIW80_18045, 11.33
CIW80_07055, 36.26
CIW80_03265, 1.06
CIW80_21875, 3.69
CIW80_12555, 8.48
CIW80_01945, 5.35
CIW80_12005, 31.22
CIW80_12550, 68.39
CIW80_21870, 6.23
CIW80_12000, 9.9
CIW80_01940, 24.97
CIW80_10885, 0
CIW80_08590, 7.55
CIW80_10880, 21.34
CIW80_13205, 2.7
CIW80_25740, 32.35
CIW80_13755, 14.84
CIW80_03260, 0.28
CIW80_13750, 40.88
CIW80_25140, 644.64
CIW80_01095, 7.77
CIW80_17215, 1.11
CIW80_01765, 2.25
CIW80_02880, 10.3
CIW80_17210, 0.75
CIW80_01090, 41.81
CIW80_01760, 6.3
CIW80_25565, 7.1
CIW80_23115, 1.46
CIW80_23110, 11.82
CIW80_15385, 412.21
CIW80_11595, 2.05
CIW80_19235, 5.28
CIW80_03810, 2.11
CIW80_18080, 1.16
CIW80_03815, 11.72
CIW80_22415, 567.13
CIW80_06520, 63.01
CIW80_14570, 175.45
CIW80_13685, 19.14
CIW80_16135, 48.08
CIW80_06525, 5.69
CIW80_13680, 66.85
CIW80_24570, 1.81
CIW80_20490, 20.89
CIW80_19605, 1.99
CIW80_13375, 8.07
CIW80_20495, 32.95
CIW80_11590, 2.74
CIW80_16030, 183.74
CIW80_23920, 9.1
CIW80_20990, 5.43
CIW80_15150, 88.32
CIW80_10315, 125.6
CIW80_11260, 76.05
CIW80_10310, 183.37
CIW80_09645, 4.23
CIW80_14635, 297.35
CIW80_14320, 80.35
CIW80_14630, 113.02
CIW80_17500, 17.47
CIW80_01160, 10.1
CIW80_22735, 6.71
CIW80_17855, 13.05
CIW80_01165, 10.12
CIW80_17505, 32.31
CIW80_17850, 0
CIW80_22730, 14.66
CIW80_23600, 12.63
CIW80_16485, 82.39
CIW80_23605, 0.46
CIW80_17690, 34.98
CIW80_21475, 2.62
CIW80_01360, 2.26
CIW80_14425, 5.13
CIW80_01365, 2.59
CIW80_00365, 54.41
CIW80_03925, 87
CIW80_13190, 35.45
CIW80_21095, 3.41
CIW80_13195, 2.11
CIW80_03920, 34.75
CIW80_24790, 18.07
CIW80_22570, 526.02
CIW80_15250, 31.55
CIW80_05420, 116.57
CIW80_21290, 150.53
CIW80_05390, 38.51
CIW80_05935, 14.81
CIW80_06550, 3.98
CIW80_05425, 3.46
CIW80_05930, 21.51
CIW80_05395, 31.07
CIW80_11135, 1.45
CIW80_18560, 109.18
CIW80_21370, 357.06
CIW80_11130, 6.23
CIW80_10400, 102.33
CIW80_19490, 60.05
CIW80_15690, 3.46
CIW80_18630, 32.43
CIW80_22085, 0.47
CIW80_10405, 60.06
CIW80_21055, 34.28
CIW80_15695, 1.77
CIW80_19110, 0.72
CIW80_14740, 46.07
CIW80_19115, 4.39
CIW80_14745, 2542.77
CIW80_20995, 2.45
CIW80_25610, 6.98
CIW80_18420, 2.15
CIW80_22640, 150.55
CIW80_25615, 45.47
CIW80_24360, 9.8
CIW80_13335, 29.37
CIW80_18425, 7.68
CIW80_13990, 17.67
CIW80_18050, 16.65
CIW80_13995, 34.93
CIW80_19495, 2.67
CIW80_23735, 1.33
CIW80_09080, 0.46
CIW80_18490, 353.63
CIW80_23730, 0.54
CIW80_19545, 7.27
CIW80_09085, 30.23
CIW80_05735, 3.35
CIW80_16560, 6.28
CIW80_05730, 7.74
CIW80_17040, 15.23
CIW80_05645, 261.39
CIW80_08285, 193.8
CIW80_04060, 0.93
CIW80_05640, 86.74
CIW80_18495, 112
CIW80_04065, 0.68
CIW80_14420, 57.95
CIW80_11865, 3.65
CIW80_20275, 1174.13
CIW80_00700, 29.41
CIW80_20270, 785.7
CIW80_11860, 4.35
CIW80_00705, 14.26
CIW80_15345, 70.08
CIW80_11040, 577.76
CIW80_15340, 30.76
CIW80_11045, 180.79
CIW80_22615, 32.61
CIW80_24965, 6.63
CIW80_18525, 4.32
CIW80_16185, 191.89
CIW80_15585, 121.94
CIW80_22395, 146.01
CIW80_03575, 0.17
CIW80_08575, 17.63
CIW80_17740, 367.45
CIW80_03540, 4.09
CIW80_19065, 0
CIW80_20720, 3.62
CIW80_04465, 29.99
CIW80_12045, 181.45
CIW80_19060, 9.26
CIW80_04460, 30.31
CIW80_25765, 4.09
CIW80_02855, 124.85
CIW80_00385, 251.18
CIW80_02850, 27.42
CIW80_25760, 1.24
CIW80_00380, 293.43
CIW80_16685, 4.45
CIW80_23420, 0
CIW80_03545, 0
CIW80_11915, 9.17
CIW80_12905, 12.39
CIW80_24565, 1.42
CIW80_24495, 16.85
CIW80_04605, 10.53
CIW80_24490, 16.9
CIW80_18055, 95.98
CIW80_04600, 15.79
CIW80_25145, 5.16
CIW80_16245, 1.02
CIW80_00565, 0.85
CIW80_16240, 0.61
CIW80_21245, 103.87
CIW80_00560, 4.46
CIW80_23565, 0
CIW80_03145, 0.19
CIW80_03495, 0.51
CIW80_03140, 0
CIW80_03490, 2.15
CIW80_00360, 7.13
CIW80_18310, 69.56
CIW80_12900, 94.69
CIW80_15570, 1.97
CIW80_03460, 48.95
CIW80_16480, 28.69
CIW80_22750, 634.67
CIW80_24810, 292.52
CIW80_09975, 123.14
CIW80_00060, 47.31
CIW80_18635, 103.09
CIW80_10620, 117.43
CIW80_17285, 8.67
CIW80_07860, 5.44
CIW80_21270, 0
CIW80_22265, 23.34
CIW80_10625, 16.79
CIW80_21275, 21.47
CIW80_07865, 0.54
CIW80_24560, 5.68
CIW80_04260, 1.78
CIW80_08115, 3.43
CIW80_09290, 1.29
CIW80_04265, 0.51
CIW80_22065, 1497.39
CIW80_08110, 11.12
CIW80_15580, 153.69
CIW80_16800, 25.56
CIW80_03465, 42.24
CIW80_09970, 65.62
CIW80_16805, 31.94
