,U00096,binary_an,binary_ae,diff,K12_growth,difference
CIW80_00015,b1415,1,1,0,1,0
CIW80_00090,b1430,1,1,0,1,0
CIW80_00130,b1440,1,1,0,1,0
CIW80_00135,b1441,1,1,0,1,0
CIW80_00140,b1442,1,1,0,1,0
CIW80_00145,b1443,1,1,0,1,0
CIW80_00150,b1444,1,1,0,1,0
CIW80_00180,b1448,1,1,0,1,0
CIW80_00220,b1453,1,1,0,1,0
CIW80_00305,b1463,1,1,0,1,0
CIW80_00315,b1465,1,1,0,1,0
CIW80_00320,b1466,1,1,0,1,0
CIW80_00325,b1467,1,1,0,1,0
CIW80_00330,b1468,1,1,0,1,0
CIW80_00335,b1469,1,1,0,1,0
CIW80_00340,b1473,1,1,0,1,0
CIW80_00350,b1474,1,1,0,1,0
CIW80_00355,b1475,1,1,0,1,0
CIW80_00360,b1476,1,1,0,1,0
CIW80_00375,b1478,1,1,0,1,0
CIW80_00380,b1479,1,1,0,1,0
CIW80_00405,b1489,1,1,0,1,0
CIW80_00420,b1492,1,1,0,1,0
CIW80_00425,b1493,1,1,0,1,0
CIW80_00530,b1519,1,1,0,1,0
CIW80_00545,b1521,1,1,0,1,0
CIW80_00570,b1524,1,1,0,1,0
CIW80_00575,b1525,1,1,0,1,0
CIW80_00590,b1528,1,1,0,1,0
CIW80_00645,b1533,1,1,0,1,0
CIW80_00660,b1535,1,1,0,1,0
CIW80_00685,b1539,1,1,0,1,0
CIW80_00735,b1584,1,1,0,1,0
CIW80_00750,b1587,1,1,0,1,0
CIW80_00755,b1588,1,1,0,1,0
CIW80_00760,b1589,1,1,0,1,0
CIW80_00765,b1590,1,1,0,1,0
CIW80_00775,b1592,1,1,0,1,0
CIW80_00820,b1599,1,1,0,1,0
CIW80_00825,b1600,1,1,0,1,0
CIW80_00835,b1601,1,1,0,1,0
CIW80_00840,b1602,1,1,0,1,0
CIW80_00845,b1603,1,1,0,1,0
CIW80_00860,b1605,1,1,0,1,0
CIW80_00865,b1606,1,1,0,1,0
CIW80_00890,b1611,1,1,0,1,0
CIW80_00895,b1612,1,1,0,1,0
CIW80_00900,b1613,1,1,0,1,0
CIW80_00915,b1616,1,1,0,1,0
CIW80_00920,b1617,1,1,0,1,0
CIW80_00930,b1619,1,1,0,1,0
CIW80_00940,b1621,1,1,0,1,0
CIW80_00945,b1622,1,1,0,1,0
CIW80_00950,b1623,1,1,0,1,0
CIW80_01020,b1634,1,1,0,1,0
CIW80_01030,b1636,1,1,0,1,0
CIW80_01040,b1638,1,1,0,1,0
CIW80_01050,b1640,1,1,0,1,0
CIW80_01080,b1646,1,1,0,1,0
CIW80_01105,b1651,1,1,0,1,0
CIW80_01125,b1654,1,1,0,1,0
CIW80_01130,b1655,1,1,0,1,0
CIW80_01135,b1656,1,1,0,1,0
CIW80_01170,b1661,1,1,0,1,0
CIW80_01175,b1662,0,0,0,0,0
CIW80_01245,b1676,1,1,0,1,0
CIW80_01250,b1677,1,1,0,1,0
CIW80_01255,b1678,1,1,0,1,0
CIW80_01260,b1679,1,1,0,1,0
CIW80_01265,b1680,1,1,0,1,0
CIW80_01270,b1681,1,1,0,1,0
CIW80_01275,b1682,1,1,0,1,0
CIW80_01280,b1683,1,1,0,1,0
CIW80_01285,b1684,1,1,0,1,0
CIW80_01295,b1686,1,1,0,1,0
CIW80_01330,b1692,1,1,0,1,0
CIW80_01335,b1693,0,0,0,0,0
CIW80_01340,b1694,1,1,0,1,0
CIW80_01345,b1695,1,1,0,1,0
CIW80_01380,b1701,1,1,0,1,0
CIW80_01385,b1702,1,1,0,1,0
CIW80_01400,b1704,1,1,0,1,0
CIW80_01425,b1709,1,1,0,1,0
CIW80_01430,b1710,1,1,0,1,0
CIW80_01435,b1711,1,1,0,1,0
CIW80_01495,b1723,1,1,0,1,0
CIW80_01515,b1727,1,1,0,1,0
CIW80_01535,b1732,1,1,0,1,0
CIW80_01540,b1733,1,1,0,1,0
CIW80_01545,b1734,1,1,0,1,0
CIW80_01555,b1736,1,1,0,1,0
CIW80_01560,b1737,1,1,0,1,0
CIW80_01565,b1738,1,1,0,1,0
CIW80_01580,b1740,0,0,0,0,0
CIW80_01600,b1744,1,1,0,1,0
CIW80_01605,b1745,1,1,0,1,0
CIW80_01610,b1746,1,1,0,1,0
CIW80_01615,b1747,1,1,0,1,0
CIW80_01620,b1748,1,1,0,1,0
CIW80_01680,b1759,1,1,0,1,0
CIW80_01690,b1761,1,1,0,1,0
CIW80_01715,b1764,1,1,0,1,0
CIW80_01740,b1767,1,1,0,1,0
CIW80_01745,b1768,1,1,0,1,0
CIW80_01760,b1771,1,1,0,1,0
CIW80_01795,b1778,1,1,0,1,0
CIW80_01800,b1779,1,1,0,1,0
CIW80_01810,b1781,1,1,0,1,0
CIW80_01875,b1794,1,1,0,1,0
CIW80_01905,b1798,1,1,0,1,0
CIW80_01920,b1805,1,1,0,1,0
CIW80_01955,b1812,0,0,0,0,0
CIW80_01960,b1813,1,1,0,1,0
CIW80_01965,b1814,1,1,0,1,0
CIW80_01990,b1817,1,1,0,1,0
CIW80_01995,b1818,1,1,0,1,0
CIW80_02000,b1819,1,1,0,1,0
CIW80_02015,b1821,1,1,0,1,0
CIW80_02080,b1832,1,1,0,1,0
CIW80_02165,b1849,1,1,0,1,0
CIW80_02170,b1850,1,1,0,1,0
CIW80_02175,b1851,1,1,0,1,0
CIW80_02180,b1852,1,1,0,1,0
CIW80_02190,b1854,1,1,0,1,0
CIW80_02195,b1855,1,1,0,1,0
CIW80_02200,b1856,1,1,0,1,0
CIW80_02205,b1857,1,1,0,1,0
CIW80_02210,b1858,1,1,0,1,0
CIW80_02215,b1859,1,1,0,1,0
CIW80_02250,b1865,1,1,0,1,0
CIW80_02565,b1870,1,1,0,1,0
CIW80_02575,b1872,1,1,0,1,0
CIW80_02580,b1873,1,1,0,1,0
CIW80_02685,b1896,1,1,0,1,0
CIW80_02690,b1897,1,1,0,1,0
CIW80_02695,b4460,1,1,0,1,0
CIW80_02700,b1900,1,1,0,1,0
CIW80_02705,b1901,1,1,0,1,0
CIW80_02750,b1907,1,1,0,1,0
CIW80_02775,b1912,1,1,0,1,0
CIW80_02800,b1917,1,1,0,1,0
CIW80_02805,b1918,1,1,0,1,0
CIW80_02810,b1919,1,1,0,1,0
CIW80_02815,b1920,1,1,0,1,0
CIW80_02855,b1927,1,1,0,1,0
CIW80_02910,b0543,1,1,0,1,0
CIW80_03055,b1967,1,1,0,1,0
CIW80_03325,b1981,1,1,0,1,0
CIW80_03330,b1982,1,1,0,1,0
CIW80_03365,b1985,1,1,0,1,0
CIW80_03510,b1990,1,1,0,1,0
CIW80_03515,b1991,1,1,0,1,0
CIW80_03520,b1992,1,1,0,1,0
CIW80_03525,b1993,1,1,0,1,0
CIW80_03850,b2010,1,1,0,1,0
CIW80_03860,b2014,1,1,0,1,0
CIW80_03895,b2019,1,1,0,1,0
CIW80_03900,b2020,1,1,0,1,0
CIW80_03905,b2021,1,1,0,1,0
CIW80_03910,b2022,1,1,0,1,0
CIW80_03915,b2023,1,1,0,1,0
CIW80_03920,b2024,1,1,0,1,0
CIW80_03925,b2025,1,1,0,1,0
CIW80_03930,b2026,1,1,0,1,0
CIW80_03940,b2028,1,1,0,1,0
CIW80_03945,b2029,1,1,0,1,0
CIW80_04025,b2047,1,1,0,1,0
CIW80_04030,b2048,1,1,0,1,0
CIW80_04035,b2049,1,1,0,1,0
CIW80_04045,b2051,1,1,0,1,0
CIW80_04050,b2052,1,1,0,1,0
CIW80_04055,b2053,1,1,0,1,0
CIW80_04115,b2065,1,1,0,1,0
CIW80_04120,b2066,1,1,0,1,0
CIW80_04235,b2091,1,1,0,1,0
CIW80_04240,b2092,1,1,0,1,0
CIW80_04245,b2093,1,1,0,1,0
CIW80_04250,b2094,1,1,0,1,0
CIW80_04255,b2095,1,1,0,1,0
CIW80_04260,b2096,1,1,0,1,0
CIW80_04270,b2097,1,1,0,1,0
CIW80_04300,b2103,1,1,0,1,0
CIW80_04305,b2104,1,1,0,1,0
CIW80_04430,b2128,1,1,0,1,0
CIW80_04435,b2129,1,1,0,1,0
CIW80_04440,b2130,1,1,0,1,0
CIW80_04445,b2131,1,1,0,1,0
CIW80_04450,b2132,1,1,0,1,0
CIW80_04455,b2133,1,1,0,1,0
CIW80_04460,b2134,1,1,0,1,0
CIW80_04515,b2143,1,1,0,1,0
CIW80_04530,b2146,1,1,0,1,0
CIW80_04535,b2147,1,1,0,1,0
CIW80_04540,b2148,1,1,0,1,0
CIW80_04545,b2149,1,1,0,1,0
CIW80_04550,b2150,1,1,0,1,0
CIW80_04570,b2153,0,0,0,0,0
CIW80_04585,b2154,1,1,0,1,0
CIW80_04590,b2155,1,1,0,1,0
CIW80_04600,b2156,1,1,0,1,0
CIW80_04630,b2162,1,1,0,1,0
CIW80_04640,b2164,1,1,0,1,0
CIW80_04645,b2165,1,1,0,1,0
CIW80_04650,b2166,1,1,0,1,0
CIW80_04660,b2167,1,1,0,1,0
CIW80_04665,b2168,1,1,0,1,0
CIW80_04670,b2169,1,1,0,1,0
CIW80_04680,b2170,1,1,0,1,0
CIW80_04700,b2173,1,1,0,1,0
CIW80_04705,b2174,1,1,0,1,0
CIW80_04710,b2175,1,1,0,1,0
CIW80_04720,b2177,1,1,0,1,0
CIW80_04725,b2178,1,1,0,1,0
CIW80_04730,b2179,1,1,0,1,0
CIW80_04735,b2180,1,1,0,1,0
CIW80_04925,b2197,1,1,0,1,0
CIW80_04930,b2198,1,1,0,1,0
CIW80_04935,b2199,1,1,0,1,0
CIW80_04940,b2200,1,1,0,1,0
CIW80_04945,b2201,1,1,0,1,0
CIW80_04950,b2202,1,1,0,1,0
CIW80_04955,b2203,1,1,0,1,0
CIW80_04960,b2204,1,1,0,1,0
CIW80_04965,b2205,1,1,0,1,0
CIW80_04970,b2206,1,1,0,1,0
CIW80_04995,b2210,1,1,0,1,0
CIW80_05020,b2215,1,1,0,1,0
CIW80_05060,b2221,1,1,0,1,0
CIW80_05065,b2222,1,1,0,1,0
CIW80_05070,b2223,1,1,0,1,0
CIW80_05075,b2224,1,1,0,1,0
CIW80_05110,b2232,1,1,0,1,0
CIW80_05120,b2234,1,1,0,1,0
CIW80_05125,b2235,1,1,0,1,0
CIW80_05140,b2239,1,1,0,1,0
CIW80_05145,b2240,1,1,0,1,0
CIW80_05150,b2241,1,1,0,1,0
CIW80_05155,b2242,1,1,0,1,0
CIW80_05160,b2243,1,1,0,1,0
CIW80_05170,b2245,1,1,0,1,0
CIW80_05180,b2247,1,1,0,1,0
CIW80_05200,b2251,1,1,0,1,0
CIW80_05210,b2253,1,1,0,1,0
CIW80_05215,b2254,1,1,0,1,0
CIW80_05220,b2255,1,1,0,1,0
CIW80_05225,b2256,1,1,0,1,0
CIW80_05230,b2257,1,1,0,1,0
CIW80_05235,b4544,1,1,0,1,0
CIW80_05240,b2258,1,1,0,1,0
CIW80_05250,b2260,1,1,0,1,0
CIW80_05255,b2261,1,1,0,1,0
CIW80_05260,b2262,1,1,0,1,0
CIW80_05265,b2263,1,1,0,1,0
CIW80_05270,b2264,1,1,0,1,0
CIW80_05275,b2265,1,1,0,1,0
CIW80_05310,b2276,1,1,0,1,0
CIW80_05315,b2277,1,1,0,1,0
CIW80_05320,b2278,1,1,0,1,0
CIW80_05325,b2279,1,1,0,1,0
CIW80_05330,b2280,1,1,0,1,0
CIW80_05335,b2281,1,1,0,1,0
CIW80_05340,b2282,1,1,0,1,0
CIW80_05345,b2283,1,1,0,1,0
CIW80_05350,b2284,1,1,0,1,0
CIW80_05355,b2285,1,1,0,1,0
CIW80_05360,b2286,1,1,0,1,0
CIW80_05365,b2287,1,1,0,1,0
CIW80_05370,b2288,1,1,0,1,0
CIW80_05385,b2290,1,1,0,1,0
CIW80_05390,b2291,1,1,0,1,0
CIW80_05400,b2293,1,1,0,1,0
CIW80_05415,b2296,1,1,0,1,0
CIW80_05420,b2297,1,1,0,1,0
CIW80_05445,b2302,1,1,0,1,0
CIW80_05450,b2303,1,1,0,1,0
CIW80_05460,b2306,1,1,0,1,0
CIW80_05465,b2307,1,1,0,1,0
CIW80_05470,b2308,1,1,0,1,0
CIW80_05475,b2309,1,1,0,1,0
CIW80_05480,b2310,1,1,0,1,0
CIW80_05490,b2312,0,0,0,0,0
CIW80_05505,b2315,0,0,0,0,0
CIW80_05510,b2316,0,0,0,0,0
CIW80_05530,b2320,1,1,0,1,0
CIW80_05545,b2323,1,1,0,1,0
CIW80_05570,b2328,1,1,0,1,0
CIW80_05575,b2329,0,0,0,0,0
CIW80_05635,b2341,1,1,0,1,0
CIW80_05640,b2342,1,1,0,1,0
CIW80_05715,b2366,1,1,0,1,0
CIW80_05740,b2371,1,1,0,1,0
CIW80_05750,b2373,1,1,0,1,0
CIW80_05755,b2374,1,1,0,1,0
CIW80_05775,b2378,1,1,0,1,0
CIW80_05780,b2379,1,1,0,1,0
CIW80_05825,b2388,1,1,0,1,0
CIW80_05840,b2392,1,1,0,1,0
CIW80_05845,b2393,1,1,0,1,0
CIW80_05875,b2400,0,0,0,0,0
CIW80_05910,b2406,1,1,0,1,0
CIW80_05915,b2407,1,1,0,1,0
CIW80_05940,b2411,1,1,0,1,0
CIW80_05950,b2413,1,1,0,1,0
CIW80_05955,b2414,1,1,0,1,0
CIW80_05960,b2415,1,1,0,1,0
CIW80_05965,b2416,1,1,0,1,0
CIW80_05970,b2417,1,1,0,1,0
CIW80_05975,b2418,1,1,0,1,0
CIW80_05985,b2421,1,1,0,1,0
CIW80_05990,b2422,1,1,0,1,0
CIW80_05995,b2423,1,1,0,1,0
CIW80_06000,b2424,1,1,0,1,0
CIW80_06005,b2425,1,1,0,1,0
CIW80_06015,b2428,1,1,0,1,0
CIW80_06020,b2429,1,1,0,1,0
CIW80_06030,b2431,1,1,0,1,0
CIW80_06050,b2435,1,1,0,1,0
CIW80_06055,b2436,1,1,0,1,0
CIW80_06075,b2440,1,1,0,1,0
CIW80_06080,b2441,1,1,0,1,0
CIW80_06120,b2458,1,1,0,1,0
CIW80_06150,b2463,1,1,0,1,0
CIW80_06160,b2464,1,1,0,1,0
CIW80_06165,b2465,1,1,0,1,0
CIW80_06180,b2467,1,1,0,1,0
CIW80_06195,b2470,1,1,0,1,0
CIW80_06210,b2472,0,0,0,0,0
CIW80_06235,b2476,0,0,0,0,0
CIW80_06245,b2478,0,0,0,0,0
CIW80_06255,b2480,1,1,0,1,0
CIW80_06280,b2497,1,1,0,1,0
CIW80_06285,b2498,1,1,0,1,0
CIW80_06295,b2499,0,0,0,0,0
CIW80_06300,b2500,1,1,0,1,0
CIW80_06305,b2501,1,1,0,1,0
CIW80_06310,b2502,1,1,0,1,0
CIW80_06315,b2503,1,1,0,1,0
CIW80_06350,b2507,0,0,0,0,0
CIW80_06355,b2508,1,1,0,1,0
CIW80_06405,b2515,0,0,0,0,0
CIW80_06420,b2518,1,1,0,1,0
CIW80_06425,b2519,1,1,0,1,0
CIW80_06435,b2521,1,1,0,1,0
CIW80_06450,b2523,1,1,0,1,0
CIW80_06475,b2528,1,1,0,1,0
CIW80_06480,b2529,1,1,0,1,0
CIW80_06485,b2530,1,1,0,1,0
CIW80_06500,b2533,1,1,0,1,0
CIW80_06515,b2536,1,1,0,1,0
CIW80_06560,b2551,1,1,0,1,0
CIW80_06565,b2552,1,1,0,1,0
CIW80_06590,b2557,0,0,0,0,0
CIW80_06600,b2558,1,1,0,1,0
CIW80_06635,b2563,1,1,0,1,0
CIW80_06640,b2564,1,1,0,1,0
CIW80_06695,b2574,1,1,0,1,0
CIW80_06715,b2578,1,1,0,1,0
CIW80_06720,b2579,1,1,0,1,0
CIW80_06740,b2582,1,1,0,1,0
CIW80_06755,b2585,0,0,0,0,0
CIW80_06765,b2587,1,1,0,1,0
CIW80_06825,b2599,0,0,0,0,0
CIW80_06830,b2600,0,0,0,0,0
CIW80_06835,b2601,1,1,0,1,0
CIW80_06905,b2615,0,0,0,0,0
CIW80_06950,b2660,1,1,0,1,0
CIW80_06955,b2661,1,1,0,1,0
CIW80_06960,b2662,1,1,0,1,0
CIW80_06965,b2663,1,1,0,1,0
CIW80_06990,b2668,1,1,0,1,0
CIW80_07000,b2670,1,1,0,1,0
CIW80_07035,b2675,1,1,0,1,0
CIW80_07040,b2676,1,1,0,1,0
CIW80_07050,b2677,1,1,0,1,0
CIW80_07055,b2678,1,1,0,1,0
CIW80_07060,b2679,1,1,0,1,0
CIW80_07070,b2682,1,1,0,1,0
CIW80_07075,b2683,1,1,0,1,0
CIW80_07105,b2687,0,0,0,0,0
CIW80_07110,b2688,1,1,0,1,0
CIW80_07120,b2690,1,1,0,1,0
CIW80_07170,b2700,1,1,0,1,0
CIW80_07175,b2701,1,1,0,1,0
CIW80_07180,b2702,1,1,0,1,0
CIW80_07185,b2703,1,1,0,1,0
CIW80_07190,b2704,1,1,0,1,0
CIW80_07195,b2705,1,1,0,1,0
CIW80_07210,b2708,1,1,0,1,0
CIW80_07220,b2710,1,1,0,1,0
CIW80_07225,b2711,1,1,0,1,0
CIW80_07275,b2719,1,1,0,1,0
CIW80_07280,b2720,1,1,0,1,0
CIW80_07285,b2721,1,1,0,1,0
CIW80_07290,b2722,1,1,0,1,0
CIW80_07295,b2723,1,1,0,1,0
CIW80_07300,b2724,1,1,0,1,0
CIW80_07320,b2727,1,1,0,1,0
CIW80_07380,b2738,1,1,0,1,0
CIW80_07420,b2744,1,1,0,1,0
CIW80_07430,b2746,0,0,0,0,0
CIW80_07435,b2747,0,0,0,0,0
CIW80_07450,b2750,1,1,0,1,0
CIW80_07455,b2751,1,1,0,1,0
CIW80_07460,b2752,1,1,0,1,0
CIW80_07480,b2762,1,1,0,1,0
CIW80_07485,b2763,1,1,0,1,0
CIW80_07490,b2764,1,1,0,1,0
CIW80_07495,b2765,1,1,0,1,0
CIW80_07580,b2779,1,1,0,1,0
CIW80_07585,b2780,0,0,0,0,0
CIW80_07590,b2781,1,1,0,1,0
CIW80_07595,b2784,1,1,0,1,0
CIW80_07610,b2787,1,1,0,1,0
CIW80_07615,b2788,1,1,0,1,0
CIW80_07620,b2789,1,1,0,1,0
CIW80_07650,b2794,1,1,0,1,0
CIW80_07660,b2796,1,1,0,1,0
CIW80_07665,b2797,1,1,0,1,0
CIW80_07675,b2799,1,1,0,1,0
CIW80_07680,b2800,1,1,0,1,0
CIW80_07685,b2801,1,1,0,1,0
CIW80_07690,b2802,1,1,0,1,0
CIW80_07695,b2803,1,1,0,1,0
CIW80_07730,b2810,1,1,0,1,0
CIW80_07745,b2813,1,1,0,1,0
CIW80_07890,b2817,1,1,0,1,0
CIW80_07895,b2818,0,0,0,0,0
CIW80_07940,b2827,0,0,0,0,0
CIW80_07980,b2835,1,1,0,1,0
CIW80_07985,b2836,1,1,0,1,0
CIW80_07995,b2838,0,0,0,0,0
CIW80_08010,b2841,1,1,0,1,0
CIW80_08015,b2842,1,1,0,1,0
CIW80_08020,b2843,1,1,0,1,0
CIW80_08050,b2866,1,1,0,1,0
CIW80_08055,b2867,1,1,0,1,0
CIW80_08060,b2868,1,1,0,1,0
CIW80_08075,b2871,1,1,0,1,0
CIW80_08085,b2873,1,1,0,1,0
CIW80_08105,b2877,1,1,0,1,0
CIW80_08130,b2882,1,1,0,1,0
CIW80_08135,b2883,1,1,0,1,0
CIW80_08140,b4464,1,1,0,1,0
CIW80_08160,b2888,1,1,0,1,0
CIW80_08170,b2889,1,1,0,1,0
CIW80_08190,b2893,1,1,0,1,0
CIW80_08200,b2895,1,1,0,1,0
CIW80_08230,b2901,1,1,0,1,0
CIW80_08235,b2903,1,1,0,1,0
CIW80_08240,b2904,1,1,0,1,0
CIW80_08245,b2905,1,1,0,1,0
CIW80_08250,b2906,1,1,0,1,0
CIW80_08255,b2907,1,1,0,1,0
CIW80_08285,b2912,1,1,0,1,0
CIW80_08300,b2913,1,1,0,1,0
CIW80_08305,b2914,1,1,0,1,0
CIW80_08325,b2917,1,1,0,1,0
CIW80_08340,b2923,1,1,0,1,0
CIW80_08345,b2924,1,1,0,1,0
CIW80_08350,b2925,1,1,0,1,0
CIW80_08355,b2926,1,1,0,1,0
CIW80_08360,b2927,1,1,0,1,0
CIW80_08415,b2933,1,1,0,1,0
CIW80_08420,b2934,1,1,0,1,0
CIW80_08430,b2935,1,1,0,1,0
CIW80_08440,b2937,1,1,0,1,0
CIW80_08450,b2938,1,1,0,1,0
CIW80_08470,b2942,0,0,0,0,0
CIW80_08475,b2943,1,1,0,1,0
CIW80_08495,b2947,1,1,0,1,0
CIW80_08530,b2954,1,1,0,1,0
CIW80_08545,b2957,1,1,0,1,0
CIW80_08580,b2963,1,1,0,1,0
CIW80_08585,b2964,1,1,0,1,0
CIW80_08590,b2965,1,1,0,1,0
CIW80_09235,b2975,1,1,0,1,0
CIW80_09240,b2976,1,1,0,1,0
CIW80_09250,b4467,1,1,0,1,0
CIW80_09255,b4468,1,1,0,1,0
CIW80_09260,b2979,1,1,0,1,0
CIW80_09335,b2987,1,1,0,1,0
CIW80_09340,b2988,1,1,0,1,0
CIW80_09345,b2989,1,1,0,1,0
CIW80_09370,b2994,1,1,0,1,0
CIW80_09375,b2995,1,1,0,1,0
CIW80_09380,b2996,1,1,0,1,0
CIW80_09385,b2997,1,1,0,1,0
CIW80_09405,b3001,1,1,0,1,0
CIW80_09415,b3003,1,1,0,1,0
CIW80_09420,b3005,1,1,0,1,0
CIW80_09425,b3006,1,1,0,1,0
CIW80_09435,b3008,1,1,0,1,0
CIW80_09450,b3011,1,1,0,1,0
CIW80_09455,b3012,1,1,0,1,0
CIW80_09515,b3018,0,0,0,0,0
CIW80_09560,b3028,1,1,0,1,0
CIW80_09565,b3029,1,1,0,1,0
CIW80_09610,b3032,1,1,0,1,0
CIW80_09620,b3034,1,1,0,1,0
CIW80_09625,b3035,1,1,0,1,0
CIW80_09665,b3040,1,1,0,0,1
CIW80_09695,b3041,0,0,0,0,0
CIW80_09720,b3052,1,1,0,1,0
CIW80_09760,b3057,1,1,0,1,0
CIW80_09765,b3058,0,0,0,0,0
CIW80_09770,b3059,1,1,0,1,0
CIW80_09785,b3061,1,1,0,1,0
CIW80_09790,b3062,1,1,0,1,0
CIW80_09795,b3063,1,1,0,1,0
CIW80_09840,b3070,1,1,0,1,0
CIW80_09865,b3073,1,1,0,1,0
CIW80_09950,b3089,1,1,0,1,0
CIW80_09960,b3091,1,1,0,1,0
CIW80_09965,b3092,1,1,0,1,0
CIW80_09970,b3093,1,1,0,1,0
CIW80_10050,b4471,1,1,0,1,0
CIW80_10060,b3114,1,1,0,1,0
CIW80_10065,b3115,1,1,0,1,0
CIW80_10070,b3116,1,1,0,1,0
CIW80_10075,b3117,1,1,0,1,0
CIW80_10095,b3124,1,1,0,1,0
CIW80_10100,b3125,1,1,0,1,0
CIW80_10105,b3126,1,1,0,1,0
CIW80_10110,b3127,1,1,0,1,0
CIW80_10115,b3128,1,1,0,1,0
CIW80_10140,b3132,1,1,0,1,0
CIW80_10175,b3137,1,1,0,1,0
CIW80_10270,b3161,1,1,0,1,0
CIW80_10330,b3172,0,0,0,0,0
CIW80_10350,b3176,0,0,0,0,0
CIW80_10355,b3177,0,0,0,0,0
CIW80_10380,b3182,1,1,0,1,0
CIW80_10405,b3187,0,0,0,0,0
CIW80_10415,b3189,0,0,0,0,0
CIW80_10450,b3196,0,0,0,0,0
CIW80_10455,b3197,1,1,0,1,0
CIW80_10460,b3198,0,0,0,0,0
CIW80_10465,b3199,0,0,0,0,0
CIW80_10470,b3200,0,0,0,0,0
CIW80_10475,b3201,0,0,0,0,0
CIW80_10510,b3208,1,1,0,1,0
CIW80_10540,b3212,1,1,0,1,0
CIW80_10545,b3213,1,1,0,1,0
CIW80_10555,b3222,1,1,0,1,0
CIW80_10560,b3223,1,1,0,1,0
CIW80_10565,b3224,1,1,0,1,0
CIW80_10570,b3225,1,1,0,1,0
CIW80_10630,b3236,1,1,0,1,0
CIW80_10650,b3240,1,1,0,1,0
CIW80_10655,b3241,1,1,0,1,0
CIW80_10685,b3248,1,1,0,1,0
CIW80_10720,b3253,1,1,0,1,0
CIW80_10735,b3255,0,0,0,0,0
CIW80_10740,b3256,0,0,0,0,0
CIW80_10790,b3258,1,1,0,1,0
CIW80_10830,b3265,1,1,0,1,0
CIW80_10835,b3266,1,1,0,1,0
CIW80_10920,b3281,1,1,0,1,0
CIW80_10960,b3290,1,1,0,1,0
CIW80_10965,b3291,1,1,0,1,0
CIW80_11200,b3336,1,1,0,1,0
CIW80_11280,b3350,1,1,0,1,0
CIW80_11335,b3359,1,1,0,1,0
CIW80_11340,b3360,0,0,0,0,0
CIW80_11365,b3365,1,1,0,1,0
CIW80_11370,b3366,1,1,0,1,0
CIW80_11375,b3367,1,1,0,1,0
CIW80_11380,b3368,0,0,0,0,0
CIW80_11435,b3385,1,1,0,1,0
CIW80_11440,b3386,1,1,0,1,0
CIW80_11455,b3389,0,0,0,0,0
CIW80_11460,b3390,1,1,0,1,0
CIW80_11490,b3396,1,1,0,1,0
CIW80_11495,b3397,1,1,0,1,0
CIW80_11505,b3399,1,1,0,1,0
CIW80_11530,b3403,1,1,0,1,0
CIW80_11580,b3409,1,1,0,1,0
CIW80_11600,b3412,1,1,0,1,0
CIW80_11615,b3415,1,1,0,1,0
CIW80_11620,b3416,1,1,0,1,0
CIW80_11625,b3417,1,1,0,1,0
CIW80_11660,b3425,1,1,0,1,0
CIW80_11665,b3426,1,1,0,1,0
CIW80_11720,b3428,1,1,0,1,0
CIW80_11725,b3429,1,1,0,1,0
CIW80_11730,b3430,1,1,0,1,0
CIW80_11735,b3431,1,1,0,1,0
CIW80_11740,b3432,1,1,0,1,0
CIW80_11745,b3433,0,0,0,0,0
CIW80_11765,b4476,1,1,0,1,0
CIW80_11770,b3437,1,1,0,1,0
CIW80_11820,b3447,1,1,0,1,0
CIW80_11830,b3449,1,1,0,1,0
CIW80_11835,b3450,1,1,0,1,0
CIW80_11840,b3451,1,1,0,1,0
CIW80_11845,b3452,1,1,0,1,0
CIW80_11850,b3453,1,1,0,1,0
CIW80_11855,b3454,1,1,0,1,0
CIW80_11860,b3455,1,1,0,1,0
CIW80_11865,b3456,1,1,0,1,0
CIW80_11870,b3457,1,1,0,1,0
CIW80_11875,b3458,1,1,0,1,0
CIW80_11890,b3460,1,1,0,1,0
CIW80_11935,b3469,1,1,0,1,0
CIW80_11965,b3475,1,1,0,1,0
CIW80_11970,b3476,1,1,0,1,0
CIW80_11975,b3477,1,1,0,1,0
CIW80_11980,b3478,1,1,0,1,0
CIW80_11985,b3479,1,1,0,1,0
CIW80_11990,b3480,1,1,0,1,0
CIW80_12065,b3493,1,1,0,1,0
CIW80_12085,b3496,1,1,0,1,0
CIW80_12105,b3500,1,1,0,1,0
CIW80_12120,b3503,1,1,0,1,0
CIW80_12250,b3517,1,1,0,1,0
CIW80_12260,b3519,1,1,0,1,0
CIW80_12290,b3525,1,1,0,1,0
CIW80_12300,b3526,1,1,0,1,0
CIW80_12315,b3528,1,1,0,1,0
CIW80_12405,b3540,1,1,0,1,0
CIW80_12410,b3541,1,1,0,1,0
CIW80_12415,b3542,1,1,0,1,0
CIW80_12420,b3543,1,1,0,1,0
CIW80_12430,b3544,1,1,0,1,0
CIW80_12445,b3546,1,1,0,1,0
CIW80_12475,b3551,1,1,0,1,0
CIW80_12485,b3553,1,1,0,1,0
CIW80_12540,b3564,1,1,0,1,0
CIW80_12545,b3565,1,1,0,1,0
CIW80_12550,b3566,1,1,0,1,0
CIW80_12555,b3567,1,1,0,1,0
CIW80_12560,b3568,1,1,0,1,0
CIW80_12575,b3571,1,1,0,1,0
CIW80_12580,b3572,1,1,0,1,0
CIW80_12595,b3575,1,1,0,1,0
CIW80_12615,b3578,1,1,0,1,0
CIW80_12620,b3579,1,1,0,1,0
CIW80_12625,b3580,1,1,0,1,0
CIW80_12630,b3581,1,1,0,1,0
CIW80_12635,b3582,1,1,0,1,0
CIW80_12640,b3583,1,1,0,1,0
CIW80_12645,b3588,1,1,0,1,0
CIW80_12655,b3589,1,1,0,1,0
CIW80_12660,b3590,1,1,0,1,0
CIW80_12685,b3599,1,1,0,1,0
CIW80_12690,b3600,1,1,0,1,0
CIW80_12725,b3603,1,1,0,1,0
CIW80_12735,b3605,1,1,0,1,0
CIW80_12745,b3607,1,1,0,1,0
CIW80_12750,b3608,1,1,0,1,0
CIW80_12760,b3610,1,1,0,1,0
CIW80_12775,b3612,1,1,0,1,0
CIW80_12785,b3614,1,1,0,1,0
CIW80_12795,b3616,1,1,0,1,0
CIW80_12800,b3617,1,1,0,1,0
CIW80_12805,b3619,1,1,0,1,0
CIW80_12810,b3620,1,1,0,1,0
CIW80_12815,b3621,1,1,0,1,0
CIW80_12850,b3630,1,1,0,1,0
CIW80_12855,b3631,1,1,0,1,0
CIW80_12865,b3633,0,0,0,0,0
CIW80_12870,b3634,0,0,0,0,0
CIW80_12895,b3639,0,0,0,0,0
CIW80_12900,b3640,1,1,0,1,0
CIW80_12910,b3642,0,0,0,0,0
CIW80_12945,b3648,0,0,0,0,0
CIW80_12955,b3650,1,1,0,1,0
CIW80_12970,b3653,1,1,0,1,0
CIW80_12975,b3654,1,1,0,1,0
CIW80_13025,b3656,1,1,0,1,0
CIW80_13170,b3662,1,1,0,1,0
CIW80_13185,b3664,1,1,0,1,0
CIW80_13190,b3665,1,1,0,1,0
CIW80_13195,b3666,1,1,0,1,0
CIW80_13230,b3670,1,1,0,1,0
CIW80_13235,b3671,1,1,0,1,0
CIW80_13275,b3679,1,1,0,1,0
CIW80_13315,b3691,1,1,0,1,0
CIW80_13320,b4478,1,1,0,1,0
CIW80_13325,b4477,1,1,0,1,0
CIW80_13330,b3693,1,1,0,1,0
CIW80_13345,b3697,1,1,0,1,0
CIW80_13410,b3708,1,1,0,1,0
CIW80_13415,b3709,1,1,0,1,0
CIW80_13435,b3713,1,1,0,1,0
CIW80_13440,b3714,1,1,0,1,0
CIW80_13445,b3715,1,1,0,1,0
CIW80_13470,b3721,1,1,0,1,0
CIW80_13475,b3722,1,1,0,1,0
CIW80_13490,b3725,1,1,0,1,0
CIW80_13495,b3726,1,1,0,1,0
CIW80_13500,b3727,1,1,0,1,0
CIW80_13505,b3728,1,1,0,1,0
CIW80_13510,b3729,0,0,0,0,0
CIW80_13515,b3730,0,0,0,0,0
CIW80_13520,b3731,1,1,0,1,0
CIW80_13525,b3732,1,1,0,1,0
CIW80_13530,b3733,1,1,0,1,0
CIW80_13535,b3734,1,1,0,1,0
CIW80_13540,b3735,1,1,0,1,0
CIW80_13545,b3736,1,1,0,1,0
CIW80_13550,b3737,1,1,0,1,0
CIW80_13555,b3738,1,1,0,1,0
CIW80_13560,b3739,1,1,0,1,0
CIW80_13585,b3744,1,1,0,1,0
CIW80_13600,b3747,1,1,0,1,0
CIW80_13605,b3748,1,1,0,1,0
CIW80_13610,b3749,1,1,0,1,0
CIW80_13615,b3750,1,1,0,1,0
CIW80_13620,b3751,1,1,0,1,0
CIW80_13625,b3752,1,1,0,1,0
CIW80_13715,b3770,0,0,0,0,0
CIW80_13720,b3771,0,0,0,0,0
CIW80_13725,b3772,1,1,0,1,0
CIW80_13735,b3774,0,0,0,0,0
CIW80_13750,b3779,1,1,0,1,0
CIW80_13765,b3781,1,1,0,1,0
CIW80_13780,b3784,1,1,0,1,0
CIW80_13785,b3785,1,1,0,1,0
CIW80_13790,b3786,1,1,0,1,0
CIW80_13795,b3787,1,1,0,1,0
CIW80_13800,b3788,1,1,0,1,0
CIW80_13805,b3789,1,1,0,1,0
CIW80_13810,b3790,1,1,0,1,0
CIW80_13815,b3791,1,1,0,1,0
CIW80_13820,b3792,1,1,0,1,0
CIW80_13825,b4481,1,1,0,1,0
CIW80_13830,b3793,1,1,0,1,0
CIW80_13835,b3794,1,1,0,1,0
CIW80_13885,b3804,0,0,0,0,0
CIW80_13890,b3805,0,0,0,0,0
CIW80_13900,b3806,1,1,0,1,0
CIW80_13925,b3809,0,0,0,0,0
CIW80_13940,b3812,1,1,0,1,0
CIW80_13960,b3816,1,1,0,1,0
CIW80_13985,b3821,1,1,0,1,0
CIW80_13995,b3823,1,1,0,1,0
CIW80_14000,b3824,1,1,0,1,0
CIW80_14005,b3825,1,1,0,1,0
CIW80_14010,b3826,1,1,0,1,0
CIW80_14025,b3829,1,1,0,1,0
CIW80_14115,b3831,1,1,0,1,0
CIW80_14155,b3833,1,1,0,1,0
CIW80_14195,b3843,0,0,0,0,0
CIW80_14200,b3844,1,1,0,1,0
CIW80_14205,b3845,1,1,0,1,0
CIW80_14210,b3846,1,1,0,1,0
CIW80_14225,b3849,1,1,0,1,0
CIW80_14230,b3850,0,0,0,0,0
CIW80_14255,b3856,1,1,0,1,0
CIW80_14260,b3857,1,1,0,1,0
CIW80_14275,b3860,1,1,0,1,0
CIW80_14315,b3867,0,1,-1,0,0
CIW80_14335,b3870,0,0,0,0,0
CIW80_14405,b3885,1,1,0,1,0
CIW80_14475,b3892,1,1,0,1,0
CIW80_14480,b3893,1,1,0,1,0
CIW80_14485,b3894,1,1,0,1,0
CIW80_14515,b3902,1,1,0,1,0
CIW80_14520,b3903,1,1,0,1,0
CIW80_14525,b3904,1,1,0,1,0
CIW80_14540,b3907,1,1,0,1,0
CIW80_14545,b3908,1,1,0,1,0
CIW80_14555,b3909,1,1,0,1,0
CIW80_14580,b3915,1,1,0,1,0
CIW80_14585,b3916,1,1,0,1,0
CIW80_14590,b3917,1,1,0,1,0
CIW80_14595,b3918,1,1,0,1,0
CIW80_14600,b3919,1,1,0,1,0
CIW80_14630,b3924,1,1,0,1,0
CIW80_14635,b3925,1,1,0,1,0
CIW80_14640,b3926,1,1,0,1,0
CIW80_14645,b3927,1,1,0,1,0
CIW80_14660,b3930,1,1,0,1,0
CIW80_14705,b3939,0,0,0,0,0
CIW80_14710,b3940,1,1,0,1,0
CIW80_14740,b3941,0,0,0,0,0
CIW80_14745,b3942,1,1,0,1,0
CIW80_14750,b3943,1,1,0,1,0
CIW80_14760,b3945,1,1,0,1,0
CIW80_14765,b3946,1,1,0,1,0
CIW80_14785,b3951,1,1,0,1,0
CIW80_14790,b3952,1,1,0,1,0
CIW80_14810,b3956,1,1,0,1,0
CIW80_14815,b3957,0,0,0,0,0
CIW80_14820,b3958,0,0,0,0,0
CIW80_14825,b3959,0,0,0,0,0
CIW80_14830,b3960,0,0,0,0,0
CIW80_14855,b3962,1,1,0,1,0
CIW80_14885,b3966,1,1,0,1,0
CIW80_14890,b3967,0,0,0,0,0
CIW80_14915,b3972,0,0,0,0,0
CIW80_14925,b3974,0,0,0,0,0
CIW80_15010,b3990,1,1,0,1,0
CIW80_15015,b3991,1,1,0,1,0
CIW80_15020,b4407,1,1,0,1,0
CIW80_15025,b3992,1,1,0,1,0
CIW80_15030,b3993,1,1,0,1,0
CIW80_15035,b3994,1,1,0,1,0
CIW80_15045,b3996,1,1,0,1,0
CIW80_15050,b3997,0,0,0,0,0
CIW80_15095,b4005,0,0,0,0,0
CIW80_15100,b4006,0,0,0,0,0
CIW80_15145,b4013,0,0,0,0,0
CIW80_15150,b4014,1,1,0,1,0
CIW80_15155,b4015,1,1,0,1,0
CIW80_15170,b4019,1,1,0,1,0
CIW80_15185,b4020,1,1,0,1,0
CIW80_15245,b4024,1,1,0,1,0
CIW80_15260,b4025,1,1,0,1,0
CIW80_15295,b4032,1,1,0,1,0
CIW80_15300,b4033,1,1,0,1,0
CIW80_15305,b4034,1,1,0,1,0
CIW80_15315,b4035,1,1,0,1,0
CIW80_15320,b4036,1,1,0,1,0
CIW80_15335,b4039,1,1,0,1,0
CIW80_15340,b4040,0,0,0,0,0
CIW80_15345,b4041,1,1,0,1,0
CIW80_15350,b4042,1,1,0,1,0
CIW80_15425,b4053,1,1,0,1,0
CIW80_15440,b4054,1,1,0,1,0
CIW80_15490,b4055,1,1,0,1,0
CIW80_15555,b4064,1,1,0,1,0
CIW80_15580,b4067,1,1,0,1,0
CIW80_15590,b4069,1,1,0,1,0
CIW80_15605,b4070,1,1,0,1,0
CIW80_15610,b4071,1,1,0,1,0
CIW80_15615,b4072,1,1,0,1,0
CIW80_15620,b4073,1,1,0,1,0
CIW80_15645,b4077,1,1,0,1,0
CIW80_15680,b4079,1,1,0,1,0
CIW80_15710,b4084,1,1,0,1,0
CIW80_15715,b4085,1,1,0,1,0
CIW80_15720,b4086,1,1,0,1,0
CIW80_15725,b4087,1,1,0,1,0
CIW80_15730,b4088,1,1,0,1,0
CIW80_15745,b4090,1,1,0,1,0
CIW80_15755,b4092,1,1,0,1,0
CIW80_15760,b4093,1,1,0,1,0
CIW80_15765,b4094,1,1,0,1,0
CIW80_15770,b4095,1,1,0,1,0
CIW80_15775,b4096,1,1,0,1,0
CIW80_15785,b4098,1,1,0,1,0
CIW80_15790,b4099,1,1,0,1,0
CIW80_15795,b4100,1,1,0,1,0
CIW80_15800,b4101,1,1,0,1,0
CIW80_15815,b4105,1,1,0,1,0
CIW80_15820,b4106,1,1,0,1,0
CIW80_15850,b4111,1,1,0,1,0
CIW80_15875,b4115,1,1,0,1,0
CIW80_15885,b4117,1,1,0,1,0
CIW80_15900,b4119,1,1,0,1,0
CIW80_15910,b4122,1,1,0,1,0
CIW80_15915,b4123,1,1,0,1,0
CIW80_15955,b4129,1,1,0,1,0
CIW80_15960,b4130,1,1,0,1,0
CIW80_15965,b4131,1,1,0,1,0
CIW80_15970,b4132,1,1,0,1,0
CIW80_16000,b4136,1,1,0,1,0
CIW80_16010,b4138,1,1,0,1,0
CIW80_16015,b4139,1,1,0,1,0
CIW80_16025,b4141,1,1,0,1,0
CIW80_16050,b4146,1,1,0,1,0
CIW80_16085,b4151,1,1,0,1,0
CIW80_16090,b4152,1,1,0,1,0
CIW80_16095,b4153,1,1,0,1,0
CIW80_16100,b4154,1,1,0,1,0
CIW80_16115,b4159,1,1,0,1,0
CIW80_16120,b4160,0,0,0,0,0
CIW80_16125,b4161,1,1,0,1,0
CIW80_16160,b4167,1,1,0,1,0
CIW80_16170,b4169,1,1,0,1,0
CIW80_16190,b4173,1,1,0,1,0
CIW80_16210,b4177,0,0,0,0,0
CIW80_16285,b4192,1,1,0,1,0
CIW80_16290,b4193,1,1,0,1,0
CIW80_16295,b4194,1,1,0,1,0
CIW80_16300,b4195,1,1,0,1,0
CIW80_16305,b4196,1,1,0,1,0
CIW80_16310,b4197,1,1,0,1,0
CIW80_16315,b4198,1,1,0,1,0
CIW80_16415,b4208,1,1,0,1,0
CIW80_16420,b4209,1,1,0,1,0
CIW80_16440,b4213,1,1,0,1,0
CIW80_16445,b4214,1,1,0,1,0
CIW80_16465,b4219,1,1,0,1,0
CIW80_16495,b4226,1,1,0,1,0
CIW80_16500,b4227,1,1,0,1,0
CIW80_16505,b4485,1,1,0,1,0
CIW80_16510,b4230,1,1,0,1,0
CIW80_16515,b4231,1,1,0,1,0
CIW80_16520,b4232,1,1,0,1,0
CIW80_16525,b4233,1,1,0,1,0
CIW80_16545,b4237,1,1,0,1,0
CIW80_16550,b4238,1,1,0,1,0
CIW80_16555,b4239,1,1,0,1,0
CIW80_16560,b4240,1,1,0,1,0
CIW80_16570,b4242,1,1,0,1,0
CIW80_16580,b4244,1,1,0,1,0
CIW80_16585,b4245,0,0,0,0,0
CIW80_16625,b4254,1,1,0,1,0
CIW80_16655,b4260,1,1,0,1,0
CIW80_16660,b4261,0,0,0,0,0
CIW80_16665,b4262,0,0,0,0,0
CIW80_16675,b4269,1,1,0,1,0
CIW80_16760,b4287,1,1,0,1,0
CIW80_16765,b4288,1,1,0,1,0
CIW80_16770,b4289,1,1,0,1,0
CIW80_16775,b4290,1,1,0,1,0
CIW80_16780,b4291,1,1,0,1,0
CIW80_17055,b4297,1,1,0,1,0
CIW80_17060,b4298,1,1,0,1,0
CIW80_17165,b4311,1,1,0,1,0
CIW80_17240,b4321,1,1,0,1,0
CIW80_17250,b4322,1,1,0,1,0
CIW80_17255,b4323,1,1,0,1,0
CIW80_17340,b4337,1,1,0,1,0
CIW80_17400,b4352,1,1,0,1,0
CIW80_17425,b4356,1,1,0,1,0
CIW80_17435,b4358,1,1,0,1,0
CIW80_17480,b4367,1,1,0,1,0
CIW80_17520,b4374,1,1,0,1,0
CIW80_17560,b4381,1,1,0,1,0
CIW80_17565,b4382,1,1,0,1,0
CIW80_17570,b4383,1,1,0,1,0
CIW80_17575,b4384,1,1,0,1,0
CIW80_17585,b4386,1,1,0,1,0
CIW80_17595,b4388,1,1,0,1,0
CIW80_17605,b4390,1,1,0,1,0
CIW80_17620,b4392,1,1,0,1,0
CIW80_17630,b4394,1,1,0,1,0
CIW80_17685,b0002,1,1,0,1,0
CIW80_17690,b0003,0,0,0,0,0
CIW80_17695,b0004,0,0,0,0,0
CIW80_17710,b0007,1,1,0,1,0
CIW80_17715,b0008,1,1,0,1,0
CIW80_17720,b0009,1,1,0,1,0
CIW80_17725,b0010,1,1,0,1,0
CIW80_17775,b0019,1,1,0,1,0
CIW80_17795,b0025,0,0,0,0,0
CIW80_17815,b0029,0,0,0,0,0
CIW80_17820,b0030,1,1,0,1,0
CIW80_17830,b0031,0,0,0,0,0
CIW80_17840,b0032,1,1,0,1,0
CIW80_17845,b0033,1,1,0,1,0
CIW80_17865,b0036,1,1,0,1,0
CIW80_17870,b0037,1,1,0,1,0
CIW80_17875,b0038,1,1,0,1,0
CIW80_17885,b0040,1,1,0,1,0
CIW80_17915,b0046,1,1,0,1,0
CIW80_17920,b0047,1,1,0,1,0
CIW80_17925,b0048,1,1,0,1,0
CIW80_17940,b0049,1,1,0,1,0
CIW80_17955,b0052,1,1,0,1,0
CIW80_17965,b0054,0,0,0,0,0
CIW80_17990,b0061,1,1,0,1,0
CIW80_17995,b0062,1,1,0,1,0
CIW80_18000,b0063,1,1,0,1,0
CIW80_18035,b0066,1,1,0,1,0
CIW80_18040,b0067,1,1,0,1,0
CIW80_18045,b0068,1,1,0,1,0
CIW80_18060,b0071,0,0,0,0,0
CIW80_18065,b0072,0,0,0,0,0
CIW80_18070,b0073,0,0,0,1,-1
CIW80_18075,b0074,0,0,0,0,0
CIW80_18090,b0077,1,1,0,1,0
CIW80_18095,b0078,1,1,0,1,0
CIW80_18130,b0084,0,0,0,0,0
CIW80_18135,b0085,0,0,0,0,0
CIW80_18140,b0086,0,0,0,0,0
CIW80_18145,b0087,0,0,0,0,0
CIW80_18150,b0088,0,0,0,0,0
CIW80_18155,b0089,0,0,0,0,0
CIW80_18160,b0090,0,0,0,0,0
CIW80_18165,b0091,0,0,0,0,0
CIW80_18170,b0092,1,1,0,1,0
CIW80_18190,b0096,0,0,0,0,0
CIW80_18205,b0099,1,1,0,1,0
CIW80_18230,b0103,0,0,0,0,0
CIW80_18235,b0104,1,1,0,1,0
CIW80_18260,b0109,1,1,0,1,0
CIW80_18265,b0110,1,1,0,1,0
CIW80_18275,b0112,1,1,0,1,0
CIW80_18320,b0114,1,1,0,1,0
CIW80_18325,b0115,1,1,0,1,0
CIW80_18330,b0116,1,1,0,1,0
CIW80_18345,b0118,1,1,0,1,0
CIW80_18355,b0120,1,1,0,1,0
CIW80_18360,b0121,1,1,0,1,0
CIW80_18370,b0123,1,1,0,1,0
CIW80_18375,b0124,1,1,0,1,0
CIW80_18380,b0125,1,1,0,1,0
CIW80_18385,b0126,0,0,0,1,-1
CIW80_18410,b0131,1,1,0,1,0
CIW80_18430,b0133,1,1,0,1,0
CIW80_18435,b0134,1,1,0,1,0
CIW80_18475,b0142,0,0,0,0,0
CIW80_18510,b0149,1,1,0,1,0
CIW80_18515,b0150,1,1,0,1,0
CIW80_18520,b0151,1,1,0,1,0
CIW80_18525,b0152,1,1,0,1,0
CIW80_18530,b0153,1,1,0,1,0
CIW80_18535,b0154,0,0,0,0,0
CIW80_18540,b0155,1,1,0,1,0
CIW80_18555,b0158,1,1,0,1,0
CIW80_18560,b0159,0,0,0,0,0
CIW80_18565,b0160,1,1,0,1,0
CIW80_18590,b0166,0,0,0,0,0
CIW80_18620,b0171,1,1,0,1,0
CIW80_18630,b0173,0,0,0,0,0
CIW80_18635,b0174,0,0,0,0,0
CIW80_18640,b0175,0,0,0,0,0
CIW80_18660,b0179,0,0,0,0,0
CIW80_18665,b0180,1,1,0,1,0
CIW80_18670,b0181,0,0,0,0,0
CIW80_18675,b0182,0,0,0,0,0
CIW80_18690,b0185,0,0,0,0,0
CIW80_18695,b0186,1,1,0,1,0
CIW80_18765,b0197,1,1,0,1,0
CIW80_18770,b0198,1,1,0,1,0
CIW80_18775,b0199,1,1,0,1,0
CIW80_18780,b0200,1,1,0,1,0
CIW80_18815,b0207,1,1,0,1,0
CIW80_18835,b0211,1,1,0,1,0
CIW80_18840,b0212,1,1,0,1,0
CIW80_19405,b0221,1,1,0,1,0
CIW80_19410,b0222,1,1,0,1,0
CIW80_19460,b0237,1,1,0,1,0
CIW80_19465,b0238,1,1,0,1,0
CIW80_19480,b0241,1,1,0,1,0
CIW80_19485,b0242,0,0,0,0,0
CIW80_19490,b0243,0,0,0,0,0
CIW80_19675,b0306,1,1,0,1,0
CIW80_19680,b0307,1,1,0,1,0
CIW80_19685,b0308,1,1,0,1,0
CIW80_19740,b0311,1,1,0,1,0
CIW80_19745,b0312,1,1,0,1,0
CIW80_19760,b0314,1,1,0,1,0
CIW80_19770,b0315,1,1,0,1,0
CIW80_19820,b0325,1,1,0,1,0
CIW80_19845,b0331,1,1,0,1,0
CIW80_19850,b0333,1,1,0,1,0
CIW80_19855,b0334,1,1,0,1,0
CIW80_19860,b0335,1,1,0,1,0
CIW80_19865,b0336,1,1,0,1,0
CIW80_19870,b0337,1,1,0,1,0
CIW80_19880,b0343,1,1,0,1,0
CIW80_19885,b0344,1,1,0,1,0
CIW80_19910,b0355,1,1,0,1,0
CIW80_19915,b0356,1,1,0,1,0
CIW80_19950,b0365,1,1,0,1,0
CIW80_19955,b0366,1,1,0,1,0
CIW80_19960,b0367,1,1,0,1,0
CIW80_19965,b0368,1,1,0,1,0
CIW80_19970,b0369,0,0,0,0,0
CIW80_19985,b0376,1,1,0,1,0
CIW80_20015,b0381,1,1,0,1,0
CIW80_20025,b0383,1,1,0,1,0
CIW80_20040,b0386,0,0,0,0,0
CIW80_20050,b0388,1,1,0,1,0
CIW80_20090,b0394,1,1,0,1,0
CIW80_20120,b0401,1,1,0,1,0
CIW80_20125,b0402,1,1,0,1,0
CIW80_20130,b0403,1,1,0,1,0
CIW80_20135,b0404,1,1,0,1,0
CIW80_20170,b0411,1,1,0,1,0
CIW80_20185,b0414,0,0,0,0,0
CIW80_20190,b0415,0,0,0,0,0
CIW80_20200,b0417,0,0,0,0,0
CIW80_20205,b0418,1,1,0,1,0
CIW80_20215,b0420,0,0,0,0,0
CIW80_20220,b0421,0,0,0,0,0
CIW80_20230,b0423,1,1,0,1,0
CIW80_20240,b0425,1,1,0,1,0
CIW80_20255,b0428,1,1,0,1,0
CIW80_20260,b0429,1,1,0,1,0
CIW80_20265,b0430,1,1,0,1,0
CIW80_20270,b0431,1,1,0,1,0
CIW80_20275,b0432,1,1,0,1,0
CIW80_20280,b0433,1,1,0,1,0
CIW80_20345,b0444,1,1,0,1,0
CIW80_20355,b0446,1,1,0,1,0
CIW80_20380,b0451,1,1,0,1,0
CIW80_20385,b0452,1,1,0,1,0
CIW80_20420,b0459,1,1,0,1,0
CIW80_20435,b0462,1,1,0,1,0
CIW80_20440,b0463,1,1,0,1,0
CIW80_20455,b0465,1,1,0,1,0
CIW80_20480,b0469,1,1,0,1,0
CIW80_20510,b0474,1,1,0,1,0
CIW80_20515,b0475,1,1,0,1,0
CIW80_20525,b0477,1,1,0,1,0
CIW80_20545,b0480,1,1,0,1,0
CIW80_20575,b0484,1,1,0,1,0
CIW80_20580,b0485,1,1,0,1,0
CIW80_20625,b0493,1,1,0,1,0
CIW80_20630,b0494,1,1,0,1,0
CIW80_20655,b0505,1,1,0,1,0
CIW80_20665,b0507,1,1,0,1,0
CIW80_20670,b0508,1,1,0,1,0
CIW80_20675,b0509,1,1,0,1,0
CIW80_20680,b0511,1,1,0,1,0
CIW80_20685,b0512,1,1,0,1,0
CIW80_20695,b0514,1,1,0,1,0
CIW80_20700,b0515,1,1,0,1,0
CIW80_20705,b0516,1,1,0,1,0
CIW80_20710,b0517,1,1,0,1,0
CIW80_20730,b0521,1,1,0,1,0
CIW80_20735,b0522,0,0,0,0,0
CIW80_20740,b0523,0,0,0,0,0
CIW80_20755,b0524,0,0,0,0,0
CIW80_20780,b0529,1,1,0,1,0
CIW80_20850,b0572,1,1,0,1,0
CIW80_20855,b0573,1,1,0,1,0
CIW80_20860,b0574,1,1,0,1,0
CIW80_20865,b0575,1,1,0,1,0
CIW80_20870,b0576,1,1,0,1,0
CIW80_20875,b0577,1,1,0,1,0
CIW80_20880,b0578,1,1,0,1,0
CIW80_20915,b0583,1,1,0,1,0
CIW80_20920,b0584,1,1,0,1,0
CIW80_20925,b0585,1,1,0,1,0
CIW80_20935,b0586,1,1,0,1,0
CIW80_20950,b0588,1,1,0,1,0
CIW80_20955,b0589,1,1,0,1,0
CIW80_20960,b0590,1,1,0,1,0
CIW80_20965,b0591,1,1,0,1,0
CIW80_20970,b0592,1,1,0,1,0
CIW80_20975,b0593,1,1,0,1,0
CIW80_20980,b0594,1,1,0,1,0
CIW80_20985,b0595,1,1,0,1,0
CIW80_20990,b0596,1,1,0,1,0
CIW80_20995,b0597,1,1,0,1,0
CIW80_21035,b0604,1,1,0,1,0
CIW80_21040,b0605,1,1,0,1,0
CIW80_21045,b0606,1,1,0,1,0
CIW80_21070,b0612,1,1,0,1,0
CIW80_21075,b0613,1,1,0,1,0
CIW80_21080,b0614,1,1,0,1,0
CIW80_21085,b0615,1,1,0,1,0
CIW80_21090,b0616,1,1,0,1,0
CIW80_21095,b0617,1,1,0,1,0
CIW80_21115,b0621,1,1,0,1,0
CIW80_21125,b0622,1,1,0,1,0
CIW80_21135,b0624,1,1,0,1,0
CIW80_21150,b0628,1,1,0,1,0
CIW80_21170,b0630,1,1,0,1,0
CIW80_21180,b0632,1,1,0,1,0
CIW80_21195,b0635,0,0,0,0,0
CIW80_21210,b0638,1,1,0,1,0
CIW80_21215,b0639,0,0,0,0,0
CIW80_21225,b0641,0,0,0,0,0
CIW80_21240,b0651,1,1,0,1,0
CIW80_21245,b0652,1,1,0,1,0
CIW80_21250,b0653,1,1,0,1,0
CIW80_21255,b0654,1,1,0,1,0
CIW80_21260,b0655,1,1,0,1,0
CIW80_21275,b0657,1,1,0,1,0
CIW80_21300,b0662,1,1,0,1,0
CIW80_21345,b0674,1,1,0,1,0
CIW80_21350,b0675,1,1,0,1,0
CIW80_21360,b0677,1,1,0,1,0
CIW80_21365,b0678,1,1,0,1,0
CIW80_21370,b0679,1,1,0,1,0
CIW80_21425,b0681,1,1,0,1,0
CIW80_21445,b0684,1,1,0,1,0
CIW80_21465,b0688,1,1,0,1,0
CIW80_21470,b0692,1,1,0,1,0
CIW80_21475,b0693,1,1,0,1,0
CIW80_21495,b0696,1,1,0,1,0
CIW80_21500,b0697,1,1,0,1,0
CIW80_21505,b0698,1,1,0,1,0
CIW80_21530,b0709,1,1,0,1,0
CIW80_21570,b0720,0,0,0,0,0
CIW80_21585,b0721,1,1,0,1,0
CIW80_21590,b0722,1,1,0,1,0
CIW80_21595,b0723,1,1,0,1,0
CIW80_21600,b0724,1,1,0,1,0
CIW80_21605,b0726,1,1,0,1,0
CIW80_21610,b0727,1,1,0,1,0
CIW80_21615,b0728,1,1,0,1,0
CIW80_21620,b0729,1,1,0,1,0
CIW80_21635,b0733,1,1,0,1,0
CIW80_21640,b0734,1,1,0,1,0
CIW80_21645,b4515,1,1,0,1,0
CIW80_21725,b0750,1,1,0,1,0
CIW80_21730,b0751,1,1,0,1,0
CIW80_21735,b0752,1,1,0,1,0
CIW80_21750,b0754,1,1,0,1,0
CIW80_21755,b0755,1,1,0,1,0
CIW80_21760,b0756,1,1,0,1,0
CIW80_21765,b0757,1,1,0,1,0
CIW80_21770,b0758,1,1,0,1,0
CIW80_21775,b0759,1,1,0,1,0
CIW80_21805,b0763,1,1,0,1,0
CIW80_21810,b0764,1,1,0,1,0
CIW80_21815,b0765,1,1,0,1,0
CIW80_21820,b0766,1,1,0,1,0
CIW80_21825,b0767,1,1,0,1,0
CIW80_21865,b0774,1,1,0,1,0
CIW80_21870,b0775,1,1,0,1,0
CIW80_21875,b0776,1,1,0,1,0
CIW80_21880,b0777,1,1,0,1,0
CIW80_21885,b0778,1,1,0,1,0
CIW80_21900,b0781,1,1,0,1,0
CIW80_21910,b0783,1,1,0,1,0
CIW80_21915,b0784,1,1,0,1,0
CIW80_21920,b0785,1,1,0,1,0
CIW80_21940,b0789,1,1,0,1,0
CIW80_22020,b0805,1,1,0,1,0
CIW80_22035,b0808,1,1,0,1,0
CIW80_22040,b0809,1,1,0,1,0
CIW80_22045,b0810,1,1,0,1,0
CIW80_22050,b0811,1,1,0,1,0
CIW80_22070,b0813,1,1,0,1,0
CIW80_22105,b0819,1,1,0,1,0
CIW80_22115,b0822,1,1,0,1,0
CIW80_22130,b0825,1,1,0,1,0
CIW80_22135,b0826,1,1,0,1,0
CIW80_22140,b0827,1,1,0,1,0
CIW80_22145,b0828,1,1,0,1,0
CIW80_22150,b0829,1,1,0,1,0
CIW80_22155,b0830,1,1,0,1,0
CIW80_22160,b0831,1,1,0,1,0
CIW80_22165,b0832,1,1,0,1,0
CIW80_22190,b0837,1,1,0,1,0
CIW80_22200,b0839,1,1,0,1,0
CIW80_22210,b0841,1,1,0,1,0
CIW80_22215,b0842,1,1,0,1,0
CIW80_22225,b0844,1,1,0,1,0
CIW80_22250,b0849,1,1,0,1,0
CIW80_22280,b0854,1,1,0,1,0
CIW80_22285,b0855,1,1,0,1,0
CIW80_22290,b0856,1,1,0,1,0
CIW80_22295,b0857,1,1,0,1,0
CIW80_22310,b0860,1,1,0,1,0
CIW80_22315,b0861,1,1,0,1,0
CIW80_22320,b0862,1,1,0,1,0
CIW80_22325,b0863,1,1,0,1,0
CIW80_22330,b0864,1,1,0,1,0
CIW80_22345,b0867,1,1,0,1,0
CIW80_22360,b0870,1,1,0,1,0
CIW80_22365,b0871,1,1,0,1,0
CIW80_22380,b0874,1,1,0,1,0
CIW80_22390,b0875,1,1,0,1,0
CIW80_22455,b0886,1,1,0,1,0
CIW80_22460,b0887,1,1,0,1,0
CIW80_22465,b0888,1,1,0,1,0
CIW80_22500,b0894,1,1,0,1,0
CIW80_22505,b0895,1,1,0,1,0
CIW80_22510,b0896,1,1,0,1,0
CIW80_22525,b0902,1,1,0,1,0
CIW80_22530,b0903,1,1,0,1,0
CIW80_22535,b0904,1,1,0,1,0
CIW80_22540,b0905,1,1,0,1,0
CIW80_22550,b0907,1,1,0,1,0
CIW80_22555,b0908,0,0,0,0,0
CIW80_22565,b0910,1,1,0,1,0
CIW80_22585,b0914,0,0,0,0,0
CIW80_22590,b0915,0,0,0,0,0
CIW80_22605,b0918,0,0,0,0,0
CIW80_22640,b0925,1,1,0,1,0
CIW80_22655,b0928,1,1,0,1,0
CIW80_22660,b0929,1,1,0,1,0
CIW80_22670,b0931,1,1,0,1,0
CIW80_22675,b0932,1,1,0,1,0
CIW80_22680,b0933,1,1,0,1,0
CIW80_22685,b0934,1,1,0,1,0
CIW80_22690,b0935,1,1,0,1,0
CIW80_22695,b0936,1,1,0,1,0
CIW80_22700,b0937,1,1,0,1,0
CIW80_22710,b0945,1,1,0,1,0
CIW80_22755,b0954,1,1,0,1,0
CIW80_22770,b0957,1,1,0,1,0
CIW80_22805,b0963,1,1,0,1,0
CIW80_22830,b0968,1,1,0,1,0
CIW80_22850,b0972,1,1,0,1,0
CIW80_22855,b0973,1,1,0,1,0
CIW80_22860,b0974,1,1,0,1,0
CIW80_22880,b0978,1,1,0,1,0
CIW80_22885,b0979,1,1,0,1,0
CIW80_22895,b0980,1,1,0,1,0
CIW80_22945,b0996,1,1,0,1,0
CIW80_22950,b0997,1,1,0,1,0
CIW80_22970,b1002,1,1,0,1,0
CIW80_22980,b1004,1,1,0,1,0
CIW80_22995,b1006,1,1,0,1,0
CIW80_23000,b1007,1,1,0,1,0
CIW80_23005,b1008,1,1,0,1,0
CIW80_23010,b1009,1,1,0,1,0
CIW80_23015,b1010,1,1,0,1,0
CIW80_23020,b1011,1,1,0,1,0
CIW80_23025,b1012,1,1,0,1,0
CIW80_23035,b1014,1,1,0,1,0
CIW80_23050,b1015,1,1,0,1,0
CIW80_23065,b1019,1,1,0,1,0
CIW80_23080,b1021,1,1,0,1,0
CIW80_23085,b1022,1,1,0,1,0
CIW80_23100,b1025,1,1,0,1,0
CIW80_23760,b1033,1,1,0,1,0
CIW80_23880,b1054,1,1,0,1,0
CIW80_23905,b1059,1,1,0,1,0
CIW80_23920,b1062,0,0,0,0,0
CIW80_23930,b1064,1,1,0,1,0
CIW80_23955,b1069,0,0,0,0,0
CIW80_24060,b1090,1,1,0,1,0
CIW80_24065,b1091,1,1,0,1,0
CIW80_24070,b1092,0,0,0,0,0
CIW80_24075,b1093,0,0,0,0,0
CIW80_24080,b1094,0,0,0,0,0
CIW80_24085,b1095,1,1,0,1,0
CIW80_24090,b1096,1,1,0,1,0
CIW80_24095,b1097,1,1,0,1,0
CIW80_24100,b1098,0,0,0,0,0
CIW80_24115,b1101,1,1,0,1,0
CIW80_24120,b1102,1,1,0,1,0
CIW80_24125,b1103,1,1,0,1,0
CIW80_24140,b1106,1,1,0,1,0
CIW80_24145,b1107,1,1,0,1,0
CIW80_24155,b1109,1,1,0,1,0
CIW80_24180,b1113,1,1,0,1,0
CIW80_24210,b1119,1,1,0,1,0
CIW80_24230,b1123,1,1,0,1,0
CIW80_24235,b1124,1,1,0,1,0
CIW80_24240,b1125,1,1,0,1,0
CIW80_24245,b1126,1,1,0,1,0
CIW80_24275,b1131,0,0,0,0,0
CIW80_24290,b1134,1,1,0,1,0
CIW80_24300,b1136,0,0,0,0,0
CIW80_24785,b1185,1,1,0,1,0
CIW80_24790,b1186,1,1,0,1,0
CIW80_24805,b1189,1,1,0,1,0
CIW80_24810,b1190,1,1,0,1,0
CIW80_24820,b1192,1,1,0,1,0
CIW80_24830,b1193,1,1,0,1,0
CIW80_24880,b1197,1,1,0,1,0
CIW80_24885,b1198,1,1,0,1,0
CIW80_24890,b1199,1,1,0,1,0
CIW80_24895,b1200,1,1,0,1,0
CIW80_24925,b1206,1,1,0,1,0
CIW80_24930,b1207,1,1,0,1,0
CIW80_24935,b1208,0,0,0,0,0
CIW80_24945,b1210,0,0,0,0,0
CIW80_24970,b1215,0,0,0,0,0
CIW80_24985,b1216,1,1,0,1,0
CIW80_25025,b1223,1,1,0,1,0
CIW80_25030,b1224,1,1,0,1,0
CIW80_25035,b1225,1,1,0,1,0
CIW80_25040,b1226,1,1,0,1,0
CIW80_25045,b1227,1,1,0,1,0
CIW80_25100,b1232,1,1,0,1,0
CIW80_25120,b1236,1,1,0,1,0
CIW80_25130,b1238,1,1,0,1,0
CIW80_25140,b1241,1,1,0,1,0
CIW80_25150,b1243,1,1,0,1,0
CIW80_25155,b1244,1,1,0,1,0
CIW80_25160,b1245,1,1,0,1,0
CIW80_25165,b1246,1,1,0,1,0
CIW80_25170,b1247,1,1,0,1,0
CIW80_25180,b1249,1,1,0,1,0
CIW80_25190,b1250,1,1,0,1,0
CIW80_25200,b1252,1,1,0,1,0
CIW80_25240,b1260,0,0,0,0,0
CIW80_25245,b1261,0,0,0,0,0
CIW80_25250,b1262,0,0,0,0,0
CIW80_25255,b1263,0,0,0,0,0
CIW80_25260,b1264,0,0,0,0,0
CIW80_25290,b1270,1,1,0,1,0
CIW80_25345,b1276,1,1,0,1,0
CIW80_25350,b1277,0,0,0,0,0
CIW80_25355,b1278,1,1,0,1,0
CIW80_25370,b1281,0,0,0,0,0
CIW80_25395,b1285,1,1,0,1,0
CIW80_25415,b1288,1,1,0,1,0
CIW80_25450,b1291,1,1,0,1,0
CIW80_25505,b1308,1,1,0,1,0
CIW80_25550,b1317,1,1,0,1,0
CIW80_25560,b1319,1,1,0,1,0
CIW80_25590,b1325,1,1,0,1,0
CIW80_25595,b1326,1,1,0,1,0
CIW80_25615,b1329,1,1,0,1,0
CIW80_25620,b1330,1,1,0,1,0
CIW80_25675,b1341,1,1,0,1,0
CIW80_25725,b1377,1,1,0,1,0
CIW80_25730,b1378,1,1,0,1,0
CIW80_25745,b1380,1,1,0,1,0
