gene,binary_ae,binary_an,diff
CIW80_09370,1,1,0
CIW80_05225,1,1,0
CIW80_07730,1,1,0
CIW80_12065,1,1,0
CIW80_16440,1,1,0
CIW80_07895,0,0,0
CIW80_24590,1,1,0
CIW80_01245,1,1,0
CIW80_08010,1,1,0
CIW80_04660,1,1,0
CIW80_12810,1,1,0
CIW80_13900,1,1,0
CIW80_13440,1,1,0
CIW80_17725,1,1,0
CIW80_24970,0,0,0
CIW80_16465,1,1,0
CIW80_10460,0,0,0
CIW80_06950,1,1,0
CIW80_10330,0,0,0
CIW80_18410,0,0,0
CIW80_08450,1,1,0
CIW80_20215,0,0,0
CIW80_01875,1,1,0
CIW80_18530,1,1,0
CIW80_01540,1,1,0
CIW80_22200,1,1,0
CIW80_00330,1,1,0
CIW80_09610,1,1,0
CIW80_02195,1,1,0
CIW80_21770,1,1,0
CIW80_12105,1,1,0
CIW80_10475,0,0,0
CIW80_22145,1,1,0
CIW80_14660,1,1,0
CIW80_22465,1,1,0
CIW80_10190,1,1,0
CIW80_18385,0,0,0
CIW80_18565,1,1,0
CIW80_02815,1,1,0
CIW80_20695,1,1,0
CIW80_25200,1,1,0
CIW80_25590,1,1,0
CIW80_20265,1,1,0
CIW80_19760,1,1,0
CIW80_15755,1,1,0
CIW80_10965,1,1,0
CIW80_11965,1,1,0
CIW80_14790,1,1,0
CIW80_01260,1,1,0
CIW80_14585,1,1,0
CIW80_12900,1,1,0
CIW80_15820,1,1,0
CIW80_12250,1,1,0
CIW80_02080,1,1,0
CIW80_10150,1,1,0
CIW80_09560,1,1,0
CIW80_05510,0,0,0
CIW80_25450,1,1,0
CIW80_13790,1,1,0
CIW80_15455,1,1,0
CIW80_05415,1,1,0
CIW80_23905,1,1,0
CIW80_11490,1,1,0
CIW80_17865,1,1,0
CIW80_15300,1,1,0
CIW80_20675,1,1,0
CIW80_21260,1,1,0
CIW80_21350,1,1,0
CIW80_20440,1,1,0
CIW80_06310,1,1,0
CIW80_14545,1,1,0
CIW80_12640,1,1,0
CIW80_00320,1,1,0
CIW80_05345,1,1,0
CIW80_07660,1,1,0
CIW80_00775,1,1,0
CIW80_20275,1,1,0
CIW80_07995,0,0,0
CIW80_17885,1,1,0
CIW80_25675,1,1,0
CIW80_07430,0,0,0
CIW80_04645,1,1,0
CIW80_18475,0,0,0
CIW80_06305,1,1,0
CIW80_04640,1,1,0
CIW80_13315,1,1,0
CIW80_22070,1,1,0
CIW80_14405,1,1,0
CIW80_11440,1,1,0
CIW80_17800,1,1,0
CIW80_21820,1,1,0
CIW80_09415,1,1,0
CIW80_22155,1,1,0
CIW80_25415,0,0,0
CIW80_20580,1,1,0
CIW80_00835,1,1,0
CIW80_07980,1,1,0
CIW80_17995,1,1,0
CIW80_05955,1,1,0
CIW80_01775,1,1,0
CIW80_13985,1,1,0
CIW80_20875,1,1,0
CIW80_11380,0,0,0
CIW80_13230,1,1,0
CIW80_25190,1,1,0
CIW80_25035,1,1,0
CIW80_24180,1,1,0
CIW80_14540,1,1,0
CIW80_08135,1,1,0
CIW80_17520,1,1,0
CIW80_04515,1,1,0
CIW80_03930,0,0,0
CIW80_11615,1,1,0
CIW80_04050,1,1,0
CIW80_07210,1,1,0
CIW80_11845,1,1,0
CIW80_07035,1,1,0
CIW80_23955,0,0,0
CIW80_18000,1,1,0
CIW80_00340,1,1,0
CIW80_18815,1,1,0
CIW80_09250,1,1,0
CIW80_20455,1,1,0
CIW80_05570,1,1,0
CIW80_01340,1,1,0
CIW80_17925,1,1,0
CIW80_20855,1,1,0
CIW80_04330,1,1,0
CIW80_06180,1,1,0
CIW80_13610,1,1,0
CIW80_21445,1,1,0
CIW80_17680,1,1,0
CIW80_08580,1,1,0
CIW80_04250,1,1,0
CIW80_25730,1,1,0
CIW80_18660,0,0,0
CIW80_25290,1,1,0
CIW80_00355,1,1,0
CIW80_20385,1,1,0
CIW80_12835,1,1,0
CIW80_21595,1,1,0
CIW80_23930,1,1,0
CIW80_13820,1,1,0
CIW80_18190,0,0,0
CIW80_10050,1,1,0
CIW80_20970,1,1,0
CIW80_16420,1,1,0
CIW80_04260,1,1,0
CIW80_23025,1,1,0
CIW80_11495,1,1,0
CIW80_09565,1,1,0
CIW80_05545,0,0,0
CIW80_01425,1,1,0
CIW80_05270,1,1,0
CIW80_08060,1,1,0
CIW80_06640,0,0,0
CIW80_11365,1,1,0
CIW80_13520,1,1,0
CIW80_02575,1,1,0
CIW80_13995,1,1,0
CIW80_13495,1,1,0
CIW80_04570,0,0,0
CIW80_10920,1,1,0
CIW80_05265,1,1,0
CIW80_22700,1,1,0
CIW80_20865,1,1,0
CIW80_21645,1,1,0
CIW80_02810,1,1,0
CIW80_11335,1,1,0
CIW80_09960,1,1,0
CIW80_13785,1,1,0
CIW80_20960,1,1,0
CIW80_05635,1,1,0
CIW80_20525,1,1,0
CIW80_05065,1,1,0
CIW80_01535,1,1,0
CIW80_24820,1,1,0
CIW80_08285,1,1,0
CIW80_24245,1,1,0
CIW80_20125,1,1,0
CIW80_21035,1,1,0
CIW80_07595,1,1,0
CIW80_21825,1,1,0
CIW80_18380,1,1,0
CIW80_06160,1,1,0
CIW80_24895,1,1,0
CIW80_17685,1,1,0
s0001,0,0,0
CIW80_20625,1,1,0
CIW80_07480,0,0,0
CIW80_15960,1,1,0
CIW80_05175,1,1,0
CIW80_22290,1,1,0
CIW80_17060,1,1,0
CIW80_02255,1,1,0
CIW80_18840,1,1,0
CIW80_03275,1,1,0
CIW80_19955,1,1,0
CIW80_08245,1,1,0
CIW80_04360,1,1,0
CIW80_23880,1,1,0
CIW80_10685,1,1,0
CIW80_01990,1,1,0
CIW80_11530,1,1,0
CIW80_03395,1,1,0
CIW80_21045,1,1,0
CIW80_04670,1,1,0
CIW80_20270,1,1,0
CIW80_20700,1,1,0
CIW80_21805,1,1,0
CIW80_15350,1,1,0
CIW80_01435,1,1,0
CIW80_18765,1,1,0
CIW80_07380,1,1,0
CIW80_11870,1,1,0
CIW80_13235,1,1,0
CIW80_16780,1,1,0
CIW80_10560,1,1,0
CIW80_15680,1,1,0
CIW80_03405,1,1,0
CIW80_22140,1,1,0
CIW80_18525,1,1,0
CIW80_14735,1,1,0
CIW80_12545,1,1,0
CIW80_00590,1,1,0
CIW80_11455,0,0,0
CIW80_13330,1,1,0
CIW80_15790,1,1,0
CIW80_08250,1,1,0
CIW80_25165,1,1,0
CIW80_16525,1,1,0
CIW80_03260,1,1,0
CIW80_01040,1,1,0
CIW80_20205,1,1,0
CIW80_04995,1,1,0
CIW80_11580,1,1,0
CIW80_22530,1,1,0
CIW80_17340,1,1,0
CIW80_25140,1,1,0
CIW80_20130,1,1,0
CIW80_21500,1,1,0
CIW80_24880,1,1,0
CIW80_11970,1,1,0
CIW80_21360,1,1,0
CIW80_03910,0,0,0
CIW80_11830,1,1,0
CIW80_01745,1,1,0
CIW80_06530,1,1,0
CIW80_06355,1,1,0
CIW80_19405,1,1,0
CIW80_05325,1,1,0
CIW80_04665,1,1,0
CIW80_03945,1,1,0
CIW80_04530,1,1,0
CIW80_10450,0,0,0
CIW80_10185,1,1,0
CIW80_20545,1,1,0
CIW80_01020,1,1,0
CIW80_11505,1,1,0
CIW80_21615,1,1,0
CIW80_21810,1,1,0
CIW80_00145,1,1,0
CIW80_24120,1,1,0
CIW80_04025,1,1,0
CIW80_05160,1,1,0
CIW80_14855,1,1,0
CIW80_01620,1,1,0
CIW80_14555,1,1,0
CIW80_06405,0,0,0
CIW80_20975,1,1,0
CIW80_18620,1,1,0
CIW80_23015,1,1,0
CIW80_16495,1,1,0
CIW80_24945,0,0,0
CIW80_08735,1,1,0
CIW80_07275,1,1,0
CIW80_21115,1,1,0
CIW80_04590,1,1,0
CIW80_10470,0,0,0
CIW80_00220,1,1,0
CIW80_22710,1,1,0
CIW80_03850,1,1,0
CIW80_01125,1,1,0
CIW80_02855,1,1,0
CIW80_05755,1,1,0
CIW80_17250,1,1,0
CIW80_20120,1,1,0
CIW80_15970,1,1,0
CIW80_21230,1,1,0
CIW80_21085,1,1,0
CIW80_11990,1,1,0
CIW80_22295,1,1,0
CIW80_22995,1,1,0
CIW80_05970,1,1,0
CIW80_24125,1,1,0
CIW80_11890,1,1,0
CIW80_00845,1,1,0
CIW80_00125,1,1,0
CIW80_14750,1,1,0
CIW80_06020,1,1,0
CIW80_20480,1,1,0
CIW80_00325,1,1,0
CIW80_02205,1,1,0
CIW80_14600,1,1,0
CIW80_01170,1,1,0
CIW80_00915,1,1,0
CIW80_06010,1,1,0
CIW80_03430,1,1,0
CIW80_20740,0,0,0
CIW80_07455,0,0,0
CIW80_08075,1,1,0
CIW80_22830,1,1,0
CIW80_02170,1,1,0
CIW80_12870,0,0,0
CIW80_23065,1,1,0
CIW80_01335,0,0,0
CIW80_25770,1,1,0
CIW80_24810,1,1,0
CIW80_18540,1,1,0
CIW80_00890,1,1,0
CIW80_23530,1,1,0
CIW80_14810,1,1,0
CIW80_02015,1,1,0
CIW80_07000,1,1,0
CIW80_10175,1,1,0
CIW80_08470,0,0,0
CIW80_16585,0,0,0
CIW80_18330,1,1,0
CIW80_05715,1,1,0
CIW80_09665,1,1,0
CIW80_13620,1,1,0
CIW80_12850,1,1,0
CIW80_18130,0,0,0
CIW80_03455,1,1,0
CIW80_07695,1,1,0
CIW80_00900,1,1,0
CIW80_00405,1,1,0
CIW80_12485,1,1,0
CIW80_04240,1,1,0
CIW80_15490,1,1,0
CIW80_24595,1,1,0
CIW80_07435,0,0,0
CIW80_17875,1,1,0
CIW80_08235,1,1,0
CIW80_20355,1,1,0
CIW80_13600,1,1,0
CIW80_21880,0,0,0
CIW80_22540,1,1,0
CIW80_02190,1,1,0
CIW80_09405,1,1,0
CIW80_00620,1,1,0
CIW80_07120,1,1,0
CIW80_14820,0,0,0
CIW80_00375,1,1,0
CIW80_14630,1,1,0
CIW80_05450,1,1,0
CIW80_18045,1,1,0
CIW80_06295,0,0,0
CIW80_07690,1,1,0
CIW80_18665,0,0,0
CIW80_13925,0,0,0
CIW80_02200,1,1,0
CIW80_20915,1,1,0
CIW80_02210,1,1,0
CIW80_15320,1,1,0
CIW80_10160,1,1,0
CIW80_05260,1,1,0
CIW80_22850,1,1,0
CIW80_06055,1,1,0
CIW80_18775,1,1,0
CIW80_05660,1,1,0
CIW80_03900,0,0,0
CIW80_22860,1,1,0
CIW80_16315,1,1,0
CIW80_04430,1,1,0
CIW80_10735,0,0,0
CIW80_01795,1,1,0
CIW80_04415,1,1,0
CIW80_07940,0,0,0
CIW80_14890,0,0,0
CIW80_09420,1,1,0
CIW80_08495,1,1,0
CIW80_08140,1,1,0
CIW80_20995,1,1,0
CIW80_21610,1,1,0
CIW80_01605,1,1,0
CIW80_12665,1,1,0
CIW80_00425,1,1,0
CIW80_05335,1,1,0
CIW80_14925,0,0,0
CIW80_12795,1,1,0
CIW80_24085,1,1,0
CIW80_17035,1,1,0
CIW80_12830,1,1,0
CIW80_07195,1,1,0
CIW80_07225,1,1,0
CIW80_20780,1,1,0
CIW80_20870,1,1,0
CIW80_16505,1,1,0
CIW80_12895,0,0,0
CIW80_09795,1,1,0
CIW80_22390,1,1,0
CIW80_02750,1,1,0
CIW80_01475,1,1,0
CIW80_10180,1,1,0
CIW80_02695,1,1,0
CIW80_21775,1,1,0
CIW80_06720,1,1,0
CIW80_24785,1,1,0
CIW80_10115,1,1,0
CIW80_15170,1,1,0
CIW80_00760,1,1,0
CIW80_08420,1,1,0
CIW80_04955,1,1,0
CIW80_19960,1,1,0
CIW80_15810,1,1,0
CIW80_07040,1,1,0
CIW80_05390,1,1,0
CIW80_04435,1,1,0
CIW80_03915,0,0,0
CIW80_22680,1,1,0
CIW80_21875,0,0,0
CIW80_22885,1,1,0
CIW80_21910,1,1,0
CIW80_19745,1,1,0
CIW80_10830,1,1,0
CIW80_25170,1,1,0
CIW80_06425,1,1,0
CIW80_04290,1,1,0
CIW80_18090,1,1,0
CIW80_00865,1,1,0
CIW80_03525,1,1,0
CIW80_04275,1,1,0
CIW80_05655,1,1,0
CIW80_24585,1,1,0
CIW80_07220,1,1,0
CIW80_07420,1,1,0
CIW80_11865,1,1,0
CIW80_00380,1,1,0
CIW80_05575,0,0,0
CIW80_04970,1,1,0
CIW80_24935,0,0,0
CIW80_03415,1,1,0
CIW80_13410,1,1,0
CIW80_03465,1,1,0
CIW80_17940,1,1,0
CIW80_12655,1,1,0
CIW80_10165,1,1,0
CIW80_01275,1,1,0
CIW80_05775,1,1,0
CIW80_14010,1,1,0
CIW80_05505,0,0,0
CIW80_24140,1,1,0
CIW80_22895,1,1,0
CIW80_03410,1,1,0
CIW80_00315,1,1,0
CIW80_08740,1,1,0
CIW80_09435,1,1,0
CIW80_01810,1,1,0
CIW80_17570,1,1,0
CIW80_09840,1,1,0
CIW80_16675,1,1,0
CIW80_12725,1,1,0
CIW80_15850,1,1,0
CIW80_15185,1,1,0
CIW80_05470,1,1,0
CIW80_01995,1,1,0
CIW80_04460,1,1,0
CIW80_17845,1,1,0
CIW80_09950,1,1,0
CIW80_20925,1,1,0
CIW80_22880,1,1,0
CIW80_24830,1,1,0
CIW80_22380,1,1,0
CIW80_25120,1,1,0
CIW80_07070,1,1,0
CIW80_06300,1,1,0
CIW80_16555,1,1,0
CIW80_06830,0,0,0
CIW80_02910,1,1,0
CIW80_08355,1,0,1
CIW80_16570,1,1,0
CIW80_00660,1,1,0
CIW80_16775,1,1,0
CIW80_18750,1,1,0
CIW80_12595,1,1,0
CIW80_20515,1,1,0
CIW80_04535,1,1,0
CIW80_18040,1,1,0
CIW80_16010,1,1,0
CIW80_01955,0,0,0
CIW80_21425,1,1,0
CIW80_19885,1,1,0
CIW80_22510,1,1,0
CIW80_14255,1,1,0
CIW80_25350,0,0,0
CIW80_21725,0,0,0
CIW80_02175,1,1,0
CIW80_06285,1,1,0
CIW80_11875,1,1,0
CIW80_08170,1,1,0
CIW80_05170,1,1,0
CIW80_07890,1,1,0
CIW80_07295,1,1,0
CIW80_22035,1,1,0
CIW80_12800,1,1,0
CIW80_22330,1,1,0
CIW80_24100,0,0,0
CIW80_09255,1,1,0
CIW80_05400,1,1,0
CIW80_20680,1,1,0
CIW80_03330,1,1,0
CIW80_15765,1,1,0
CIW80_12630,1,1,0
CIW80_20420,1,1,0
CIW80_12825,1,1,0
CIW80_11735,1,1,0
CIW80_12290,1,1,0
CIW80_11855,1,1,0
CIW80_09765,0,0,0
CIW80_13825,1,1,0
CIW80_04055,1,1,0
CIW80_00575,1,1,0
CIW80_04235,1,1,0
CIW80_13780,1,1,0
CIW80_25045,1,1,0
CIW80_01610,1,1,0
CIW80_01255,1,1,0
CIW80_01965,1,1,0
CIW80_02805,1,1,0
CIW80_25595,1,1,0
CIW80_07170,1,1,0
CIW80_03515,1,1,0
CIW80_12620,1,1,0
CIW80_08160,1,1,0
CIW80_20435,1,1,0
CIW80_02215,1,1,0
CIW80_18515,1,1,0
CIW80_01280,1,1,0
CIW80_15590,1,1,0
CIW80_24790,1,1,0
CIW80_22040,1,1,0
CIW80_19950,1,1,0
CIW80_00140,1,1,0
CIW80_07175,1,1,0
CIW80_21865,0,0,0
CIW80_20985,1,1,0
CIW80_09720,1,1,0
CIW80_05020,1,1,0
CIW80_24210,1,1,0
CIW80_21470,1,1,0
CIW80_14590,1,1,0
CIW80_10170,1,1,0
CIW80_13275,1,1,0
CIW80_15155,1,1,0
CIW80_17560,1,1,0
CIW80_12685,1,1,0
CIW80_18065,0,0,0
CIW80_15095,0,0,0
CIW80_22460,1,1,0
CIW80_21250,1,1,0
CIW80_06165,1,1,0
CIW80_11835,1,1,0
CIW80_05180,1,1,0
CIW80_21885,0,0,0
CIW80_06235,0,0,0
CIW80_17815,0,0,0
CIW80_08020,1,1,0
CIW80_20710,1,1,0
CIW80_13725,1,1,0
CIW80_01690,1,1,0
CIW80_13810,1,1,0
CIW80_24300,0,0,0
CIW80_05490,0,0,0
CIW80_17595,1,1,0
CIW80_08745,1,1,0
CIW80_23035,1,1,0
CIW80_18135,0,0,0
CIW80_20730,1,1,0
CIW80_06080,1,1,0
CIW80_15305,1,1,0
CIW80_18780,1,1,0
CIW80_12120,1,1,0
CIW80_16190,1,1,0
CIW80_05070,1,1,0
CIW80_25550,1,1,0
CIW80_09260,1,1,0
CIW80_05060,1,1,0
CIW80_14915,0,0,0
CIW80_03965,1,1,0
CIW80_24230,1,1,0
CIW80_08300,1,1,0
CIW80_03825,1,1,0
CIW80_17955,0,0,0
CIW80_17710,1,1,0
CIW80_22550,1,1,0
CIW80_18035,1,1,0
CIW80_01580,0,0,0
CIW80_01130,1,1,0
CIW80_19850,1,1,0
CIW80_07665,1,1,0
CIW80_19675,1,1,0
CIW80_10270,1,1,0
CIW80_18155,0,0,0
CIW80_16090,1,1,0
CIW80_06005,1,1,0
CIW80_04380,1,1,0
CIW80_10100,1,1,0
CIW80_11660,1,1,0
CIW80_25260,0,0,0
CIW80_00090,1,1,0
CIW80_08340,1,1,0
CIW80_02250,1,1,0
CIW80_18520,1,1,0
CIW80_03460,1,1,0
CIW80_18230,0,0,0
CIW80_07055,1,1,0
CIW80_17690,0,0,0
CIW80_21550,1,1,0
CIW80_15955,1,1,0
CIW80_23100,1,1,0
CIW80_20510,1,1,0
CIW80_18375,1,1,0
CIW80_16520,1,1,0
CIW80_05915,1,1,0
CIW80_12735,1,1,0
CIW80_02180,1,1,0
CIW80_22285,1,1,0
CIW80_08085,1,1,0
CIW80_04440,1,1,0
CIW80_22045,1,1,0
CIW80_07105,0,0,0
CIW80_06695,0,0,0
CIW80_18560,0,0,0
CIW80_19965,1,1,0
CIW80_22315,1,1,0
CIW80_15025,0,0,0
CIW80_11780,1,1,0
CIW80_14595,1,1,0
CIW80_13545,1,1,0
CIW80_05420,1,1,0
CIW80_15745,1,1,0
CIW80_06050,1,1,0
CIW80_16655,1,1,0
CIW80_15220,1,1,0
CIW80_03955,1,1,0
CIW80_02600,1,1,0
CIW80_23760,1,1,0
CIW80_02705,1,1,0
CIW80_22135,1,1,0
CIW80_25355,1,1,0
CIW80_16305,1,1,0
CIW80_20920,1,1,0
CIW80_06805,1,1,0
CIW80_15425,1,1,0
CIW80_18360,1,1,0
CIW80_22495,1,1,0
CIW80_05215,1,1,0
CIW80_00545,1,1,0
CIW80_13585,1,1,0
CIW80_00820,1,1,0
CIW80_16550,1,1,0
CIW80_12860,1,1,0
CIW80_07615,1,1,0
CIW80_06765,1,1,0
CIW80_05220,1,1,0
CIW80_24115,1,1,0
CIW80_18275,1,1,0
CIW80_17920,1,1,0
CIW80_06500,1,1,0
CIW80_04030,1,1,0
CIW80_17425,1,1,0
CIW80_03390,1,1,0
CIW80_15645,1,1,0
CIW80_24240,1,1,0
CIW80_03920,0,0,0
CIW80_15460,1,1,0
CIW80_14000,1,1,0
CIW80_20735,0,0,0
CIW80_16210,0,0,0
CIW80_15145,0,0,0
CIW80_16300,1,1,0
CIW80_18675,0,0,0
CIW80_22525,1,1,0
CIW80_14205,1,1,0
CIW80_12030,1,1,0
CIW80_12865,0,0,0
CIW80_12260,1,1,0
CIW80_22320,1,1,0
CIW80_12315,1,1,0
CIW80_07620,1,1,0
CIW80_21605,1,1,0
CIW80_25560,1,1,0
CIW80_21900,1,1,0
CIW80_09240,1,1,0
CIW80_22695,1,1,0
CIW80_01175,0,0,0
CIW80_11435,1,1,0
CIW80_03325,1,1,0
CIW80_13540,1,1,0
CIW80_25745,1,1,0
CIW80_17720,1,1,0
CIW80_18160,0,0,0
CIW80_03280,1,1,0
CIW80_10415,0,0,0
CIW80_07985,1,1,0
CIW80_01445,1,1,0
CIW80_07050,1,1,0
CIW80_16115,1,1,0
CIW80_15345,1,1,0
CIW80_18145,0,0,0
CIW80_13720,0,0,0
CIW80_17605,1,1,0
CIW80_04255,1,1,0
CIW80_06000,1,1,0
CIW80_00825,1,1,0
CIW80_12635,1,1,0
CIW80_16310,1,1,0
CIW80_09965,1,1,0
CIW80_23540,1,1,0
CIW80_14375,1,1,0
CIW80_05200,1,1,0
CIW80_20935,1,1,0
CIW80_18325,1,1,0
CIW80_20220,0,0,0
CIW80_23085,1,1,0
CIW80_15445,1,1,0
CIW80_12430,1,1,0
CIW80_21590,1,1,0
CIW80_07060,1,1,0
CIW80_24275,0,0,0
CIW80_21365,1,1,0
CIW80_10555,1,1,0
CIW80_05965,1,1,0
CIW80_15015,0,0,0
CIW80_10355,0,0,0
CIW80_04280,1,1,0
CIW80_10095,1,1,0
CIW80_21620,1,1,0
CIW80_21730,1,1,0
CIW80_21215,0,0,0
CIW80_16285,1,1,0
CIW80_03485,1,1,0
CIW80_21125,1,1,0
CIW80_14635,1,1,0
CIW80_12995,1,1,0
CIW80_22690,1,1,0
CIW80_13445,1,1,0
CIW80_05975,1,1,0
CIW80_21070,1,1,0
CIW80_17565,1,1,0
CIW80_23545,1,1,0
CIW80_08230,1,1,0
CIW80_07185,1,1,0
CIW80_20575,1,1,0
CIW80_08585,1,1,0
CIW80_06015,1,1,0
CIW80_07320,1,1,0
CIW80_10835,1,1,0
CIW80_21255,1,1,0
CIW80_22115,1,1,0
CIW80_04935,1,1,0
CIW80_13605,1,1,0
CIW80_17630,1,1,0
CIW80_07685,1,1,0
CIW80_20965,1,1,0
CIW80_25345,1,1,0
CIW80_01400,1,1,0
CIW80_12410,1,1,0
CIW80_05125,1,1,0
CIW80_16615,1,1,0
CIW80_04245,1,1,0
CIW80_17620,1,1,0
CIW80_10960,1,1,0
CIW80_25155,1,1,0
CIW80_04680,1,1,0
CIW80_11720,1,1,0
CIW80_18690,0,0,0
CIW80_15785,1,1,0
CIW80_04445,1,1,0
CIW80_00735,1,1,0
CIW80_16015,1,1,0
CIW80_02800,1,1,0
CIW80_14370,1,1,0
CIW80_19860,1,1,0
CIW80_07490,0,0,0
CIW80_00615,1,1,0
CIW80_13555,1,1,0
CIW80_07650,1,1,0
CIW80_13490,1,1,0
CIW80_16625,1,1,0
CIW80_05445,1,1,0
CIW80_20685,1,1,0
CIW80_20655,1,1,0
CIW80_04270,1,1,0
CIW80_03290,1,1,0
CIW80_03925,0,0,0
CIW80_01385,1,1,0
CIW80_22280,1,1,0
CIW80_21080,1,1,0
CIW80_08345,1,1,0
CIW80_15885,1,1,0
CIW80_07680,1,1,0
CIW80_10110,1,1,0
CIW80_12975,1,1,0
CIW80_07300,1,1,0
CIW80_04960,1,1,0
CIW80_20200,0,0,0
CIW80_05365,1,1,0
CIW80_13195,1,1,0
CIW80_04305,1,1,0
CIW80_11935,1,1,0
CIW80_05145,1,1,0
CIW80_01345,1,1,0
CIW80_13765,1,1,0
CIW80_14760,1,1,0
CIW80_05330,1,1,0
CIW80_05360,1,1,0
CIW80_09625,1,1,0
CIW80_14785,1,1,0
CIW80_13625,1,1,0
CIW80_17575,1,1,0
CIW80_04735,1,1,0
CIW80_02690,1,1,0
CIW80_20705,1,1,0
CIW80_13735,0,0,0
CIW80_05230,1,1,0
CIW80_05275,1,1,0
CIW80_18435,0,0,0
CIW80_24290,1,1,0
CIW80_22190,1,1,0
CIW80_14825,0,0,0
CIW80_06315,1,1,0
CIW80_23535,1,1,0
CIW80_01555,1,1,0
CIW80_15045,1,1,0
CIW80_05960,1,1,0
CIW80_21540,1,1,0
CIW80_15315,1,1,0
CIW80_09235,1,1,0
CIW80_18640,0,0,0
CIW80_22770,1,1,0
CIW80_04420,1,1,0
CIW80_16100,1,1,0
CIW80_03445,1,1,0
CIW80_20665,1,1,0
CIW80_15030,0,0,0
CIW80_04120,1,1,0
CIW80_22675,1,1,0
CIW80_14725,1,1,0
CIW80_05475,1,1,0
CIW80_05310,1,1,0
CIW80_21760,1,1,0
CIW80_14885,1,1,0
CIW80_05340,1,1,0
CIW80_22565,1,1,0
CIW80_11370,1,1,0
CIW80_01050,1,1,0
CIW80_04405,1,1,0
CIW80_07495,1,1,0
CIW80_08190,1,1,0
CIW80_01265,1,1,0
CIW80_12750,1,1,0
CIW80_15615,1,1,0
CIW80_08730,1,1,0
CIW80_24925,1,1,0
CIW80_10570,1,1,0
CIW80_20765,1,1,0
CIW80_19480,1,1,0
CIW80_18695,1,1,0
CIW80_24985,1,1,0
CIW80_22555,0,0,0
CIW80_09515,0,0,0
CIW80_13830,1,1,0
CIW80_04700,1,1,0
CIW80_03255,1,1,0
CIW80_22505,1,1,0
CIW80_20135,1,1,0
CIW80_21815,1,1,0
CIW80_23020,1,1,0
CIW80_08430,1,1,0
CIW80_07580,1,0,1
CIW80_16295,1,1,0
CIW80_11620,1,1,0
CIW80_01760,1,1,0
CIW80_16415,1,1,0
CIW80_19465,1,1,0
CIW80_20880,1,1,0
CIW80_05640,1,1,0
CIW80_11860,1,1,0
CIW80_05780,1,1,0
CIW80_12945,0,0,0
CIW80_22980,1,1,0
CIW80_14645,1,1,0
CIW80_22805,1,1,0
CIW80_15050,0,0,0
CIW80_05370,1,1,0
CIW80_11765,1,1,0
CIW80_12615,1,1,0
CIW80_13325,1,1,0
CIW80_22365,1,1,0
CIW80_05355,1,1,0
CIW80_24075,0,0,0
CIW80_11460,1,1,0
CIW80_13435,1,1,0
CIW80_03420,1,1,0
CIW80_01800,1,0,1
CIW80_05670,1,1,0
CIW80_16380,1,1,0
CIW80_15795,1,1,0
CIW80_22345,1,1,0
CIW80_25250,0,0,0
CIW80_21180,1,1,0
CIW80_04710,1,1,0
CIW80_22050,1,1,0
CIW80_21870,0,0,0
CIW80_10070,1,1,0
CIW80_15245,1,1,0
CIW80_22500,1,1,0
CIW80_07180,1,1,0
CIW80_25240,0,0,0
CIW80_17480,1,1,0
CIW80_18535,0,0,0
CIW80_14200,1,1,0
CIW80_25150,1,1,0
CIW80_24155,1,1,0
CIW80_08255,1,1,0
CIW80_15020,0,0,0
CIW80_13320,1,1,0
CIW80_13795,1,1,0
CIW80_19490,0,0,0
CIW80_08325,1,1,0
CIW80_18070,0,0,0
CIW80_25100,1,1,0
CIW80_18630,0,0,0
CIW80_23005,1,1,0
CIW80_04045,1,1,0
CIW80_05940,1,1,0
CIW80_15730,1,1,0
CIW80_21210,1,1,0
CIW80_20170,1,1,0
CIW80_13345,1,1,0
CIW80_15200,1,1,0
CIW80_11340,0,0,0
CIW80_13560,1,1,0
CIW80_00945,1,1,0
CIW80_25130,1,1,0
CIW80_12690,1,1,0
CIW80_06955,1,1,0
CIW80_16545,1,1,0
CIW80_05110,1,1,0
CIW80_13525,1,1,0
CIW80_01495,1,1,0
CIW80_12855,1,1,0
CIW80_13890,0,0,0
CIW80_17240,1,1,0
CIW80_08130,1,1,0
CIW80_03270,1,1,0
CIW80_04585,1,1,0
CIW80_23080,1,1,0
CIW80_10030,1,1,0
CIW80_21240,1,1,0
CIW80_22945,1,1,0
CIW80_07485,0,0,0
CIW80_06420,1,1,0
CIW80_14520,1,1,0
CIW80_01330,1,1,0
CIW80_20090,1,1,0
CIW80_01030,1,1,0
CIW80_12550,1,1,0
CIW80_22150,1,1,0
CIW80_25370,0,0,0
CIW80_18510,1,1,0
CIW80_24065,0,0,0
CIW80_06075,1,1,0
CIW80_12510,1,1,0
CIW80_12815,1,1,0
CIW80_22970,1,1,0
CIW80_17990,1,1,0
CIW80_20630,1,1,0
CIW80_14765,1,1,0
CIW80_07280,1,1,0
CIW80_00625,1,1,0
CIW80_21755,1,1,0
CIW80_14515,1,1,0
CIW80_01135,1,1,0
CIW80_01680,1,1,0
CIW80_01450,1,1,0
CIW80_21040,1,1,0
CIW80_22020,1,1,0
CIW80_14165,1,1,0
CIW80_17400,1,1,0
CIW80_19880,1,1,0
CIW80_12085,1,1,0
CIW80_05985,1,1,0
CIW80_21530,1,1,0
CIW80_17030,1,1,0
CIW80_20255,1,1,0
CIW80_20380,1,1,0
CIW80_20755,0,0,0
CIW80_05840,1,1,0
CIW80_14115,1,1,0
CIW80_19220,1,1,0
CIW80_22535,1,1,0
CIW80_10155,1,1,0
CIW80_01035,1,1,0
CIW80_14315,1,0,1
CIW80_01905,1,1,0
CIW80_14215,1,1,0
CIW80_00420,1,1,0
CIW80_21505,1,1,0
CIW80_22685,1,1,0
CIW80_18095,1,1,0
CIW80_17795,0,0,0
CIW80_14230,0,0,0
CIW80_01270,1,1,0
CIW80_17775,1,1,0
CIW80_16660,0,0,0
CIW80_00530,1,1,0
CIW80_11770,1,1,0
CIW80_05235,1,1,0
CIW80_00150,1,1,0
CIW80_17055,1,1,0
CIW80_01380,1,1,0
CIW80_12610,1,1,0
CIW80_02165,1,1,0
CIW80_14005,1,1,0
CIW80_09345,1,1,0
CIW80_19410,1,1,0
CIW80_21195,0,0,0
CIW80_10455,1,1,0
CIW80_22855,1,1,0
CIW80_15965,1,1,0
CIW80_12560,1,1,0
CIW80_04400,1,1,0
CIW80_19395,1,1,0
CIW80_11200,1,1,0
CIW80_06515,1,1,0
CIW80_09340,1,1,0
CIW80_21370,1,1,0
CIW80_22455,1,1,0
CIW80_07675,1,1,0
CIW80_18590,0,0,0
CIW80_10540,1,1,0
CIW80_15465,1,1,0
CIW80_25030,1,1,0
CIW80_16000,1,1,0
CIW80_24890,1,1,0
CIW80_18205,1,1,0
CIW80_00940,1,1,0
CIW80_03440,1,1,0
CIW80_04705,1,1,0
CIW80_22130,1,1,0
CIW80_16560,1,1,0
CIW80_21545,1,1,0
CIW80_22360,1,1,0
CIW80_04720,1,1,0
CIW80_16125,1,1,0
CIW80_14740,0,0,0
CIW80_01565,1,1,0
CIW80_05350,1,1,0
CIW80_12515,1,1,0
CIW80_03905,0,0,0
CIW80_12625,1,1,0
CIW80_02775,1,1,0
CIW80_18260,0,0,0
CIW80_15475,1,1,0
CIW80_16515,1,1,0
CIW80_09385,1,1,0
CIW80_06350,0,0,0
CIW80_15100,0,0,0
CIW80_06150,1,1,0
CIW80_20280,1,1,0
CIW80_07460,0,0,0
CIW80_06210,0,0,0
CIW80_04410,1,1,0
CIW80_11985,1,1,0
CIW80_21170,1,1,0
CIW80_14380,1,1,0
CIW80_15605,1,1,0
CIW80_01960,1,1,0
CIW80_16095,1,1,0
CIW80_10065,1,1,0
CIW80_04300,0,0,0
CIW80_10060,1,1,0
CIW80_01430,1,1,0
CIW80_19970,0,0,0
CIW80_05255,1,1,0
CIW80_20240,1,1,0
CIW80_01295,1,1,0
CIW80_00015,1,1,0
CIW80_21245,1,1,0
CIW80_08415,1,1,0
CIW80_13940,1,1,0
CIW80_21095,1,1,0
CIW80_11730,1,1,0
CIW80_25615,1,1,0
CIW80_22755,1,1,0
CIW80_24090,1,1,0
CIW80_25395,1,1,0
CIW80_14195,0,0,0
CIW80_00930,1,1,0
CIW80_05075,1,1,0
CIW80_04285,1,1,0
CIW80_10380,1,1,0
CIW80_12955,1,1,0
CIW80_24930,1,1,0
CIW80_02700,1,1,0
CIW80_06560,1,1,0
CIW80_01080,1,1,0
CIW80_13535,1,1,0
CIW80_08055,1,1,0
CIW80_07745,1,1,0
CIW80_13470,1,1,0
CIW80_10350,0,0,0
CIW80_12745,0,0,0
CIW80_12475,1,1,0
CIW80_01285,1,1,0
CIW80_16385,1,1,0
CIW80_00750,1,1,0
CIW80_15715,1,1,0
CIW80_19485,0,0,0
CIW80_00635,1,1,0
CIW80_16445,0,0,0
CIW80_08105,1,1,0
CIW80_17435,1,1,0
CIW80_11840,1,1,0
CIW80_25025,1,1,0
CIW80_06565,1,1,0
CIW80_18370,1,1,0
CIW80_06030,1,1,0
CIW80_25505,1,1,0
CIW80_15210,1,1,0
CIW80_11745,0,0,0
CIW80_08360,1,1,0
CIW80_05875,0,0,0
CIW80_09375,1,1,0
CIW80_11280,1,1,0
CIW80_01250,1,1,0
CIW80_21090,1,1,0
CIW80_22325,1,1,0
CIW80_09865,1,1,0
CIW80_07590,1,1,0
CIW80_20260,1,1,0
CIW80_11665,1,1,0
CIW80_19820,1,1,0
CIW80_17025,1,1,0
CIW80_18430,0,0,0
CIW80_14025,1,1,0
CIW80_25245,0,0,0
CIW80_04965,1,1,0
CIW80_15875,1,1,0
CIW80_19685,1,1,0
CIW80_00895,1,1,0
CIW80_12970,1,1,0
CIW80_17870,1,1,0
CIW80_12760,1,1,0
CIW80_20950,1,1,0
CIW80_01615,1,1,0
CIW80_11820,1,1,0
CIW80_10510,1,1,0
CIW80_18265,1,1,0
CIW80_06965,1,1,0
CIW80_14155,1,1,0
CIW80_11600,0,0,0
CIW80_08015,1,1,0
CIW80_08440,1,1,0
CIW80_03245,1,1,0
CIW80_06255,1,1,0
CIW80_13500,1,1,0
CIW80_21420,1,1,0
CIW80_25180,1,1,0
CIW80_18060,0,0,0
CIW80_23000,1,1,0
CIW80_15555,1,1,0
CIW80_17255,1,1,0
CIW80_09790,1,1,0
CIW80_10950,1,1,0
CIW80_15770,1,1,0
CIW80_15910,1,1,0
CIW80_22590,0,0,0
CIW80_23010,1,1,0
CIW80_19870,1,1,0
CIW80_12580,1,1,0
CIW80_16760,1,1,0
CIW80_15035,0,0,0
CIW80_09380,1,1,0
CIW80_16605,1,1,0
CIW80_00130,1,1,0
CIW80_13550,1,1,0
CIW80_09455,1,1,0
CIW80_15010,0,0,0
CIW80_12910,0,0,0
CIW80_18075,0,0,0
CIW80_16665,0,0,0
CIW80_19855,1,1,0
CIW80_16765,1,1,0
CIW80_08545,1,1,0
CIW80_01105,1,1,0
CIW80_07290,1,1,0
CIW80_22215,1,1,0
CIW80_20860,1,1,0
CIW80_19165,1,1,0
CIW80_07450,0,0,0
CIW80_21920,1,1,0
CIW80_15710,1,1,0
CIW80_14640,1,1,0
CIW80_16290,1,1,0
CIW80_04940,1,1,0
CIW80_13960,1,1,0
CIW80_06635,1,1,0
CIW80_19770,1,1,0
CIW80_13190,1,1,0
CIW80_00360,1,1,0
CIW80_08350,1,1,0
CIW80_16510,1,1,0
CIW80_19225,1,1,0
CIW80_04035,1,1,0
CIW80_15295,1,1,0
CIW80_13415,1,1,0
CIW80_07585,0,0,0
CIW80_05480,1,1,0
CIW80_13505,1,1,0
CIW80_05465,1,1,0
CIW80_11975,1,1,0
CIW80_24805,1,1,0
CIW80_22585,0,0,0
CIW80_20670,1,1,0
CIW80_05250,1,1,0
CIW80_16770,1,1,0
CIW80_05210,1,1,0
CIW80_15725,1,1,0
CIW80_01545,1,1,0
CIW80_06590,0,0,0
CIW80_09450,1,1,0
CIW80_12300,1,1,0
CIW80_12845,1,1,0
CIW80_05750,1,1,0
CIW80_23550,1,1,0
CIW80_00335,1,1,0
CIW80_03510,1,1,0
CIW80_19680,1,1,0
CIW80_15610,1,1,0
CIW80_21585,1,1,0
CIW80_13835,1,1,0
CIW80_21150,1,1,0
CIW80_20230,0,0,0
CIW80_21345,1,1,0
CIW80_20980,1,1,0
CIW80_14720,1,1,0
CIW80_06475,1,1,0
CIW80_04730,1,1,0
CIW80_08590,1,1,0
CIW80_17965,0,0,0
CIW80_21570,0,0,0
CIW80_24060,1,1,0
CIW80_14830,0,0,0
CIW80_13885,0,0,0
CIW80_25725,1,1,0
CIW80_13800,1,1,0
CIW80_12415,1,1,0
CIW80_00135,1,1,0
CIW80_12840,1,1,0
CIW80_18770,1,1,0
CIW80_15580,1,1,0
CIW80_17715,1,1,0
CIW80_10740,0,0,0
CIW80_21300,1,1,0
CIW80_00950,1,1,0
CIW80_00630,1,1,0
CIW80_06400,1,1,0
CIW80_24070,0,0,0
CIW80_20990,1,1,0
CIW80_21495,1,1,0
CIW80_03400,1,1,0
CIW80_20345,1,1,0
CIW80_14225,1,1,0
CIW80_06825,0,0,0
CIW80_05150,1,1,0
CIW80_20185,0,0,0
CIW80_12405,1,1,0
CIW80_01715,1,1,0
CIW80_22660,1,1,0
CIW80_01515,1,1,0
CIW80_15815,1,1,0
CIW80_11740,1,1,0
CIW80_04950,1,1,0
CIW80_22640,1,1,0
CIW80_21840,1,1,0
CIW80_04115,1,1,0
CIW80_15340,0,0,0
CIW80_09785,1,1,0
CIW80_22105,1,1,0
CIW80_18355,1,1,0
CIW80_03425,1,1,0
CIW80_08475,1,1,0
CIW80_00685,1,1,0
CIW80_00860,1,1,0
CIW80_00570,1,1,0
CIW80_16500,1,1,0
CIW80_18320,1,1,0
CIW80_13805,1,1,0
CIW80_00765,1,1,0
CIW80_06960,1,1,0
CIW80_15150,1,1,0
CIW80_17840,1,1,0
CIW80_04725,1,1,0
CIW80_00840,1,1,0
CIW80_22670,1,1,0
CIW80_05950,1,1,0
CIW80_04650,1,1,0
CIW80_15775,1,1,0
CIW80_20040,0,0,0
CIW80_09425,1,1,0
CIW80_00180,1,1,0
CIW80_12775,1,1,0
CIW80_03520,1,1,0
CIW80_06245,0,0,0
CIW80_20190,0,0,0
CIW80_07110,1,1,0
CIW80_21635,1,1,0
CIW80_04945,1,1,0
CIW80_17820,1,1,0
CIW80_04450,1,1,0
CIW80_19985,1,1,0
CIW80_10655,1,1,0
CIW80_06435,1,1,0
CIW80_12575,1,1,0
CIW80_05825,1,1,0
CIW80_14525,1,1,0
CIW80_20850,1,1,0
CIW80_03435,1,1,0
CIW80_06755,0,0,0
CIW80_18345,1,1,0
CIW80_03055,1,1,0
CIW80_03365,1,1,0
CIW80_21075,1,1,0
CIW80_04545,1,1,0
CIW80_13475,1,1,0
CIW80_07155,1,1,0
CIW80_04550,1,1,0
CIW80_14815,0,0,0
CIW80_25040,1,1,0
CIW80_15335,1,1,0
CIW80_16170,1,1,0
CIW80_16050,1,1,0
CIW80_13170,1,1,0
CIW80_22665,1,1,0
CIW80_01600,1,1,0
CIW80_23050,1,1,0
CIW80_21465,1,1,0
CIW80_12645,1,1,0
CIW80_05530,1,1,0
CIW80_14275,1,1,0
CIW80_07285,1,1,0
CIW80_15215,1,1,0
CIW80_17165,1,1,0
CIW80_15800,1,1,0
CIW80_15720,1,1,0
CIW80_13530,1,1,0
CIW80_12420,1,1,0
CIW80_15205,1,1,0
CIW80_15450,1,1,0
CIW80_16120,0,0,0
CIW80_10105,1,1,0
CIW80_06280,1,1,0
CIW80_11430,1,1,0
CIW80_05315,1,1,0
CIW80_11980,1,1,0
CIW80_05155,1,1,0
CIW80_08240,1,1,0
CIW80_22605,0,0,0
CIW80_05240,1,1,0
CIW80_06120,1,1,0
CIW80_16580,1,1,0
CIW80_14480,1,1,0
CIW80_21600,1,1,0
CIW80_15440,1,1,0
CIW80_21940,1,1,0
CIW80_21735,1,1,0
CIW80_22655,1,1,0
CIW80_12660,1,1,0
CIW80_04930,1,1,0
CIW80_06600,1,1,0
CIW80_05845,1,1,0
CIW80_09695,0,0,0
CIW80_14705,0,0,0
CIW80_09335,1,1,0
CIW80_18235,1,1,0
CIW80_22210,1,1,0
CIW80_19915,1,1,0
CIW80_12805,1,1,0
CIW80_24145,1,1,0
CIW80_13025,1,1,0
CIW80_10565,1,1,0
CIW80_21765,1,1,0
CIW80_13750,1,1,0
CIW80_16645,1,1,0
CIW80_19460,1,1,0
CIW80_22310,1,1,0
CIW80_10720,1,1,0
CIW80_21225,0,0,0
CIW80_09760,1,1,0
CIW80_11375,1,1,0
CIW80_13185,1,1,0
CIW80_21475,1,1,0
CIW80_05460,1,1,0
CIW80_04925,1,1,0
CIW80_24885,1,1,0
CIW80_21915,1,1,0
CIW80_19910,1,1,0
CIW80_14210,1,1,0
CIW80_06715,1,1,0
CIW80_18670,0,0,0
CIW80_16085,1,1,0
CIW80_24235,1,1,0
CIW80_08305,1,1,0
CIW80_03860,1,1,0
CIW80_21275,1,1,0
CIW80_10140,1,1,0
CIW80_14745,1,1,0
CIW80_10650,1,1,0
CIW80_25620,1,1,0
CIW80_07610,1,1,0
CIW80_20955,1,1,0
CIW80_00645,1,1,0
CIW80_13615,1,1,0
CIW80_10545,1,1,0
CIW80_06485,0,0,0
CIW80_05120,1,1,0
CIW80_21750,1,1,0
CIW80_18555,1,1,0
CIW80_05140,1,1,0
CIW80_06480,1,1,0
CIW80_01920,1,1,0
CIW80_08050,1,1,0
CIW80_07075,1,1,0
CIW80_13715,0,0,0
CIW80_18635,0,0,0
CIW80_10630,1,1,0
CIW80_14260,1,1,0
CIW80_09970,1,1,0
CIW80_00350,1,1,0
CIW80_13815,1,1,0
CIW80_18170,1,1,0
CIW80_14050,1,1,0
CIW80_24080,0,0,0
CIW80_14580,1,1,0
CIW80_18835,1,1,0
CIW80_02580,1,1,0
CIW80_02685,1,1,0
CIW80_02565,1,1,0
CIW80_15760,1,1,0
CIW80_17830,0,0,0
CIW80_05910,1,1,0
CIW80_08200,1,1,0
CIW80_00920,1,1,0
CIW80_11850,1,1,0
CIW80_12445,1,1,0
CIW80_12540,1,1,0
CIW80_05320,1,1,0
CIW80_10465,0,0,0
CIW80_13515,0,0,0
CIW80_03940,1,1,0
CIW80_00755,1,1,0
CIW80_06990,1,1,0
CIW80_14710,1,1,0
CIW80_07190,1,1,0
CIW80_10075,1,1,0
CIW80_15915,1,1,0
CIW80_00305,1,1,0
CIW80_15260,1,1,0
CIW80_11625,1,1,0
CIW80_19845,1,1,0
CIW80_25160,1,1,0
CIW80_13510,0,0,0
CIW80_01740,1,1,0
CIW80_06740,1,1,0
CIW80_17355,1,1,0
CIW80_18150,0,0,0
CIW80_04630,1,1,0
CIW80_17915,1,1,0
CIW80_10145,1,1,0
CIW80_21135,1,1,0
CIW80_06195,1,1,0
CIW80_17585,1,1,0
CIW80_05740,1,1,0
CIW80_05385,1,1,0
CIW80_02000,1,1,0
CIW80_19865,1,1,0
CIW80_21640,1,1,0
CIW80_05990,1,1,0
CIW80_24095,1,1,0
CIW80_06450,1,1,0
CIW80_16160,1,1,0
CIW80_20025,1,1,0
CIW80_05995,1,1,0
CIW80_20050,1,1,0
CIW80_14335,0,0,0
CIW80_22160,1,1,0
CIW80_04540,1,1,0
CIW80_22250,1,1,0
CIW80_09620,1,1,0
CIW80_20015,1,1,0
CIW80_11725,1,1,0
CIW80_03895,0,0,0
CIW80_12555,1,1,0
CIW80_22225,1,1,0
CIW80_18140,0,0,0
CIW80_12785,1,1,0
CIW80_01560,1,1,0
CIW80_10405,0,0,0
CIW80_25715,1,1,0
CIW80_22165,1,1,0
CIW80_06835,1,1,0
CIW80_08175,1,1,0
CIW80_22950,1,1,0
CIW80_14475,1,1,0
CIW80_15900,1,1,0
CIW80_14485,1,1,0
CIW80_04455,1,1,0
CIW80_08025,1,1,0
CIW80_08530,1,1,0
CIW80_09770,1,1,0
CIW80_06905,0,0,0
CIW80_10790,1,1,0
CIW80_04600,1,1,0
CIW80_23920,0,0,0
CIW80_18165,0,0,0
CIW80_15620,1,1,0
CIW80_19740,1,1,0
CIW80_16025,1,1,0
CIW80_17695,0,0,0
CIW80_25255,0,0,0
